Judge_Point_ID,Common_Point_ID,Patch_ID,OHRC_tile_id,IIRS_row,IIRS_col,Common_Latitude,Common_Longitude,OHRC_distance_deg,IIRS_distance_deg,OHRC_IIRS_distance_deg,Max_Sensor_Separation_deg,Consistency_Score
JUDGE_0001,CP_000001,8211,3586,201,244,60.792809607098455,355.4449138701305,0.00034529112646435045,0.00017996312668311276,0.0005126048693804862,0.0005126048693804862,0.9806192001011447
JUDGE_0002,CP_000002,8128,3451,198,244,60.80076887672481,355.4451835874318,0.0005823842797829994,0.00019597624808024832,0.0003865435311406953,0.0005823842797829994,0.9781588957651632
JUDGE_0003,CP_000003,7963,3184,192,247,60.81670450497585,355.46255709896144,0.0004232513509149673,0.0005780580856464126,0.00021250460576967452,0.0005780580856464126,0.9776015984002817
JUDGE_0004,CP_000004,8376,3853,207,241,60.776873630726165,355.4275648898847,0.0002767748879959499,0.00068644484964825,0.0007339511614412926,0.0007339511614412926,0.9696109742434151
JUDGE_0005,CP_000005,7960,3174,192,238,60.816654097150774,355.41029221107675,0.0006997166408344235,0.0006932431629105755,0.000386343988256085,0.0006997166408344235,0.9690122445895563
JUDGE_0006,CP_000007,6051,111,125,238,60.99705309761723,355.4109381245991,0.0004990623277666468,0.0008024518098925115,0.0004202454839835399,0.0008024518098925115,0.9684473571058099
JUDGE_0007,CP_000008,8544,4130,213,247,60.76098946074327,355.4624134331369,0.0003727367994337944,0.0007445482541962946,0.0007200262751583822,0.0007445482541962946,0.9677267552126904
JUDGE_0008,CP_000009,6054,121,125,247,60.997100344991175,355.4634344924689,0.0005163761192179015,0.0007405847086054951,0.0006369152811303732,0.0007405847086054951,0.9670692397805092
JUDGE_0009,CP_000011,11615,9085,321,247,60.47004975410818,355.4611159116552,0.0005735802612862918,0.000804666773119376,0.0006339305361416054,0.000804666773119376,0.9647894457041669
JUDGE_0010,CP_000012,10453,7193,280,247,60.580590586158955,355.4614702663269,0.0008412551870380896,0.0005364742323140773,0.0006192896739266405,0.0008412551870380896,0.9645215714960388
JUDGE_0011,CP_000013,7795,2907,186,241,60.83259276001502,355.4276569347533,0.0007115577008038602,0.0008635917016911243,0.0004574304167749925,0.0008635917016911243,0.9637978559879862
JUDGE_0012,CP_000014,11863,9487,330,244,60.44615578857284,355.44361420184333,0.0004279978282664375,0.0009026238906509677,0.0006641319889459647,0.0009026238906509677,0.9637827800185708
JUDGE_0013,CP_000015,9373,5478,242,244,60.68226996072579,355.4446566594356,0.0008735924694750468,0.0003996602453030601,0.000786348969500822,0.0008735924694750468,0.9633350730780753
JUDGE_0014,CP_000018,8627,4265,216,247,60.75302924983813,355.46214133845075,0.00038698887646521096,0.000930117619694313,0.0008447364182355506,0.000930117619694313,0.9613504933238827
JUDGE_0015,CP_000019,8293,3718,204,241,60.78483254147678,355.42782141674843,0.000947704780941215,0.0005307469382891008,0.000761954473017728,0.000947704780941215,0.9601486128351343
JUDGE_0016,CP_000020,9205,5201,236,238,60.698155914547534,355.4098697008971,0.0005609460640314201,0.0008210566020427197,0.0009115826204661642,0.0009115826204661642,0.9599354011624192
JUDGE_0017,CP_000021,10618,7460,286,244,60.564654450265664,355.4441923652615,0.0008811988973330528,0.0006366292558579219,0.0008718368588204639,0.0008811988973330528,0.9591142011331938
JUDGE_0018,CP_000023,9456,5613,245,244,60.674309011315124,355.4443870784544,0.0009110156023702761,0.00044680939326184214,0.0009833916775382808,0.0009833916775382808,0.9584423956161415
JUDGE_0019,CP_000024,11695,9210,324,238,60.4620377523143,355.4090299884577,0.00013963009810859603,0.0011054265691803073,0.0009969482322394298,0.0011054265691803073,0.958157106641142
JUDGE_0020,CP_000025,7712,2772,183,241,60.84055002757018,355.4279246002531,0.0009713689743024916,0.001035762378210548,0.0003282019013304656,0.001035762378210548,0.9578613045993244
JUDGE_0021,CP_000026,9621,5880,251,241,60.6583757132434,355.42707533995537,0.0009447536575637731,0.0008844963922311345,0.0006114728295291538,0.0009447536575637731,0.9576815432889021
JUDGE_0022,CP_000027,8125,3441,198,235,60.80071462218704,355.39294640736404,0.0009344606508801115,0.0008859079779009732,0.0006457321886631212,0.0009344606508801115,0.9574929816459461
JUDGE_0023,CP_000028,9370,5468,242,235,60.68221572904127,355.39256429640636,0.0008883659820591835,0.0010185961494777074,0.0004977236417110438,0.0010185961494777074,0.9572089759659295
JUDGE_0024,CP_000030,11447,8808,315,241,60.48593466651173,355.42652278611996,0.0004187809081916696,0.0011270773327536347,0.0007670380965984819,0.0011270773327536347,0.9570003291212822
JUDGE_0025,CP_000031,7880,3049,189,247,60.8246628119122,355.4628281910993,0.0008867538779545298,0.0007598063305190707,0.0009061790412261406,0.0009061790412261406,0.9567635213634265
JUDGE_0026,CP_000033,6302,523,134,244,60.97320615084673,355.44571730791125,0.0006765334495106583,0.0011595495603168458,0.00048339801766952086,0.0011595495603168458,0.9565121176523267
JUDGE_0027,CP_000034,9208,5211,236,247,60.69820631395269,355.46197945595895,0.0006976714086015003,0.00047670405827553207,0.0011623482205218936,0.0011623482205218936,0.9562616011509898
JUDGE_0028,CP_000036,9538,5745,248,241,60.66633362456765,355.4273441061501,0.0011850299170648268,0.0007605325720107439,0.00046886809084188664,0.0011850299170648268,0.9550067437877214
JUDGE_0029,CP_000037,8208,3576,201,235,60.792756539077544,355.39268499490413,0.000472935292058729,0.0009202380441708732,0.001105473633642853,0.001105473633642853,0.9549484924560587
JUDGE_0030,CP_000038,12196,10031,342,247,60.41433560242873,355.460926723417,0.001046591340550085,0.0012021413937409707,0.00017485032900808095,0.0012021413937409707,0.9546784442869987
JUDGE_0031,CP_000039,12028,9754,336,241,60.43022013495327,355.42638379009605,0.0007790285494482297,0.0012105873470610743,0.00043344244876767415,0.0012105873470610743,0.9545794288457744
JUDGE_0032,CP_000040,6219,388,131,244,60.98116346296583,355.44598516961764,0.000809487261572608,0.000986174079577129,0.0008654345922353016,0.000986174079577129,0.9544091248379729
JUDGE_0033,CP_000042,7877,3039,189,238,60.82461249229686,355.41055501053165,0.0012373314785850843,0.0008040611829083006,0.000452794089681971,0.0012373314785850843,0.9533560221279945
JUDGE_0034,CP_000043,9789,6157,257,247,60.64248813979989,355.4618260259837,0.0012421509599905738,0.0009084739134267082,0.0003644130648189042,0.0012421509599905738,0.9530351387721655
JUDGE_0035,CP_000045,14022,12959,406,247,60.24189790162439,355.4601544928167,0.0008832806076127871,0.0012793844635369113,0.00039892278829823204,0.0012793844635369113,0.9519878459626895
JUDGE_0036,CP_000046,9122,5066,233,238,60.706112535753086,355.4101337744485,0.001048279132785667,0.0008923754946600808,0.0008647135571063302,0.001048279132785667,0.9518294085332782
JUDGE_0037,CP_000048,14105,13094,409,247,60.2339402347911,355.4598790399875,0.00024890980375169846,0.001248728982376841,0.0011167924085700178,0.001248728982376841,0.9517104977865576
JUDGE_0038,CP_000049,9453,5603,245,235,60.6742585112248,355.39231326930076,0.0006520905240589759,0.0010911621614162043,0.0010880335436141786,0.0010911621614162043,0.9509693951186804
JUDGE_0039,CP_000050,11777,9342,327,235,60.45405698816753,355.3920825584642,0.0012243219191672872,0.0012841908331394972,0.00015064809970969734,0.0012841908331394972,0.9507081039355503
JUDGE_0040,CP_000051,10536,7328,283,247,60.57263128884474,355.46119639599584,0.0010143823198319334,0.00045228859186681756,0.0012478836983418097,0.0012478836983418097,0.9504695211452204
JUDGE_0041,CP_000052,9040,4934,230,241,60.71409294160939,355.4271868612341,0.0004506355467729062,0.0008785097186758847,0.0013168897557164117,0.0013168897557164117,0.9504634402889798
JUDGE_0042,CP_000053,6880,1459,154,235,60.91833147391818,355.39321670891877,0.0011077167649610343,0.0007229429644587115,0.001028354743428725,0.0011077167649610343,0.9504158595273812
JUDGE_0043,CP_000055,11282,8541,309,244,60.50187045730132,355.4437702610183,0.00016056580800260188,0.001323684505887692,0.0011948110296218343,0.001323684505887692,0.9499656768825022
JUDGE_0044,CP_000057,9037,4924,230,232,60.71403682597042,355.37505198994694,0.00023359131930005925,0.0012636373449565713,0.0012620925330772573,0.0012636373449565713,0.9497130182213693
JUDGE_0045,CP_000058,11530,8943,318,241,60.47797492669847,355.4262631308565,0.0002919721667276905,0.0010654172422003459,0.001334262532997344,0.001334262532997344,0.949676069063466
JUDGE_0046,CP_000059,10701,7595,289,244,60.55669410379477,355.44392064097536,0.0007212679432514674,0.0007034835872979651,0.0013146708123117393,0.0013146708123117393,0.9493238355603386
JUDGE_0047,CP_000060,8541,4120,213,238,60.760937192384375,355.4102170157091,0.0006515534454456086,0.0011830229675116057,0.001054847697728825,0.0011830229675116057,0.9490944115225295
JUDGE_0048,CP_000061,8957,4799,227,241,60.722051125530605,355.4274548108305,0.0006299004278154003,0.001024754703279226,0.001211443543687298,0.001211443543687298,0.9490307222691347
JUDGE_0049,CP_000062,9535,5735,248,232,60.6662782777636,355.3752691603035,0.0012741605481231863,0.001351341411270995,0.00010604502178261656,0.001351341411270995,0.9489638950944026
JUDGE_0050,CP_000064,14270,13361,415,244,60.218004199223856,355.4427327908216,0.0005150875446352954,0.0013516573711322326,0.0009140074245171677,0.0013516573711322326,0.9483448786072884
JUDGE_0051,CP_000066,11034,8139,301,247,60.524873135886004,355.4612914434411,0.00043563158978838834,0.0011016637337483463,0.0013044221555189733,0.0013044221555189733,0.9481732545678164
JUDGE_0052,CP_000067,10285,6916,274,241,60.5964773227386,355.426783588806,0.0011189002084861883,0.000938382293604239,0.0009896667213618374,0.0011189002084861883,0.9479268821007694
JUDGE_0053,CP_000068,8624,4255,216,238,60.75297689326951,355.4099531993059,6.157326231487398e-05,0.0013373213219975099,0.001386473661137384,0.001386473661137384,0.9478519761676607
JUDGE_0054,CP_000070,6966,1604,157,244,60.91042546760554,355.4453503255613,0.00134440608504196,8.235783067640248e-05,0.0013748330492971011,0.0013748330492971011,0.9477946248210929
JUDGE_0055,CP_000071,10202,6781,271,241,60.60443277706103,355.4270511291656,0.001339581808397904,0.001054269327558088,0.00045272493569738887,0.001339581808397904,0.9476730264993589
JUDGE_0056,CP_000073,10450,7183,280,238,60.5805389466362,355.40951381226023,0.001083618169543067,0.0009528978785298508,0.0010907968760664024,0.0010907968760664024,0.9472736274974284
JUDGE_0057,CP_000074,10037,6514,265,244,60.62037042453377,355.44433426926906,0.0012914731590538055,0.0013079729282213907,0.0003218540399538786,0.0013079729282213907,0.9471340868068692
JUDGE_0058,CP_000075,7630,2640,180,244,60.848526335499905,355.44504626513555,0.0009705407074617025,0.001243793601610634,0.0007788696273592472,0.001243793601610634,0.9470375307744723
JUDGE_0059,CP_000077,9786,6147,257,238,60.64243715142666,355.4097844033538,0.0011537824636318318,0.0013768724980306895,0.00033921653664343535,0.0013768724980306895,0.946915700045792
JUDGE_0060,CP_000079,7709,2762,183,232,60.840495247481776,355.3756364593194,0.001316100345755902,0.001334207465052542,0.0002992216566998787,0.001334207465052542,0.9464532883429891
JUDGE_0061,CP_000081,9125,5076,233,247,60.70616540142752,355.4622518221934,0.0009151651101474992,0.0006549944380769801,0.001364938543972932,0.001364938543972932,0.9462495420478707
JUDGE_0062,CP_000083,11444,8798,315,232,60.48587872465805,355.3746870959679,0.0007471675951692386,0.001438492193263295,0.0006942345097460077,0.001438492193263295,0.9460201688569772
JUDGE_0063,CP_000086,7048,1736,160,241,60.902446957718446,355.42819824709863,0.0014403650495228557,0.0002828655304870739,0.0011696302893927006,0.0014403650495228557,0.9458346760134315
JUDGE_0064,CP_000088,9202,5191,236,229,60.6980961146292,355.3577624325019,0.0006040529525192463,0.00140441501109123,0.0009297286474960419,0.00140441501109123,0.9457173547225282
JUDGE_0065,CP_000089,11946,9622,333,244,60.4381979395474,355.44334215966063,0.0006468376225874084,0.0009713282808533716,0.0013643361351227434,0.0013643361351227434,0.9456645228289217
JUDGE_0066,CP_000090,11527,8933,318,232,60.477916354145236,355.3744254460696,0.00020681431173906223,0.0013844758472429598,0.001371555060984263,0.0013844758472429598,0.9456584866598845
JUDGE_0067,CP_000091,7792,2897,186,232,60.83253790379689,355.3753770865026,0.0009315920845391476,0.0012298974476330428,0.0009606351720310843,0.0012298974476330428,0.9455997231020461
JUDGE_0068,CP_000092,6715,1192,148,238,60.934267622023185,355.41061848220716,0.0009003067493399763,0.0006451135642882122,0.0014146755194937323,0.0014146755194937323,0.9453153580923044
JUDGE_0069,CP_000093,8709,4397,219,244,60.745051004099,355.44505873036655,0.0008124640263612654,0.001221322183649479,0.0011286400659728374,0.001221322183649479,0.9452031442545867
JUDGE_0070,CP_000094,6216,378,131,235,60.98111364237328,355.39350638284714,0.0009290574511156622,0.0013241967100321027,0.0008122753422043354,0.0013241967100321027,0.9451284223326976
JUDGE_0071,CP_000098,8954,4789,227,232,60.721996367214615,355.3753116468603,0.0008211779118678457,0.0013521102239307582,0.0008829332686069951,0.0013521102239307582,0.9448958546457955
JUDGE_0072,CP_000099,7128,1861,163,232,60.89443172448872,355.3755758907343,0.0011585498094340055,0.0011756760535276344,0.0009081702603623987,0.0011756760535276344,0.9447740977893541
JUDGE_0073,CP_000100,13854,12682,400,241,60.257784240921985,355.42575415126277,0.0009291636366803886,0.0014595242338781536,0.000588062140894554,0.0014595242338781536,0.9445465719333594
JUDGE_0074,CP_000102,11279,8531,309,235,60.5018168884346,355.39190704069915,0.00045813309268337253,0.0014882367191291193,0.001052344126437648,0.0014882367191291193,0.9439131167827592
JUDGE_0075,CP_000103,7544,2495,177,235,60.856433041205946,355.39299944952126,0.0011519694998444454,0.0014704270119175623,0.0004210799706464976,0.0014704270119175623,0.9435762063209242
JUDGE_0076,CP_000104,8373,3843,207,232,60.776819442410726,355.3753431464232,0.0006304691448476195,0.0013160645646986952,0.0012598674649743765,0.0013160645646986952,0.9434691782597577
JUDGE_0077,CP_000105,10783,7727,292,241,60.54871750069037,355.4269244883756,0.0011009796611296076,0.0009942807246055535,0.0012149235871205051,0.0012149235871205051,0.9434361555002979
JUDGE_0078,CP_000107,9119,5056,233,229,60.706056629816736,355.35800804084437,0.0012550956834663366,0.001407218154989325,0.00047002912281902444,0.001407218154989325,0.9432554860466998
JUDGE_0079,CP_000110,8789,4522,221,235,60.73793444068223,355.39262750538916,0.00038040217154764936,0.0014491043313710353,0.0012892444769211399,0.0014491043313710353,0.9429018086098643
JUDGE_0080,CP_000111,14019,12949,406,238,60.2418451941458,355.4086206699728,0.0012214420831345538,0.0014563466697072463,0.00044592643445943156,0.0014563466697072463,0.942749226787394
JUDGE_0081,CP_000112,7045,1726,160,232,60.90239406620117,355.3758243214767,0.001432386875514649,0.0010668734014949387,0.0006518080040502092,0.001432386875514649,0.9427068105428195
JUDGE_0082,CP_000113,14102,13084,409,238,60.23388489422377,355.4083534498266,0.000575070327697113,0.0014445978750590833,0.0011192775359293726,0.0014445978750590833,0.9427057048281919
JUDGE_0083,CP_000114,11692,9200,324,229,60.46197677792079,355.3572196582961,0.00041390680651529483,0.0015168448353045502,0.001153958510973506,0.0015168448353045502,0.9424805626487762
JUDGE_0084,CP_000115,9618,5870,251,232,60.658317746250624,355.3750188606179,0.000828143395502795,0.0014720939711224386,0.0008336124331173883,0.0014720939711224386,0.9424257028641868
JUDGE_0085,CP_000117,9872,6292,260,247,60.63453152722019,355.46155411820104,0.0013703261079031218,0.001082981669228869,0.0008108785114881968,0.0013703261079031218,0.9420685950434586
JUDGE_0086,CP_000118,6712,1182,148,229,60.9342128069398,355.35820169832726,0.000765647905240171,0.0012855553728480429,0.0013054685343632383,0.0013054685343632383,0.9417232456648164
JUDGE_0087,CP_000119,7957,3164,192,229,60.816596805910706,355.35802969025036,0.001035110958944101,0.0013219019466850128,0.0009850678087776179,0.0013219019466850128,0.9417002167363532
JUDGE_0088,CP_000124,6048,101,125,229,60.996996366165966,355.3584339485282,0.0006910262905176401,0.0015152363907231917,0.0009874548979980071,0.0015152363907231917,0.9411380753754746
JUDGE_0089,CP_000131,11943,9612,333,235,60.438141162458045,355.3915651329241,0.00030707770015992385,0.0014208531710672055,0.0015241480232071768,0.0015241480232071768,0.9402971635294815
JUDGE_0090,CP_000133,10120,6649,268,244,60.612411171104156,355.4440641945312,0.0013039919197077455,0.0011403408005016388,0.0010429333373956947,0.0013039919197077455,0.9401092752835898
JUDGE_0091,CP_000134,8792,4532,221,244,60.73798936606611,355.4447880897253,0.0002758839318177925,0.0013447916146383202,0.0015867323962859533,0.0015867323962859533,0.9400732457621497
JUDGE_0092,CP_000135,8290,3708,204,232,60.78477716348615,355.3756015563299,0.001283680365822326,0.0012334964484779958,0.000994103828731124,0.001283680365822326,0.9400629873893279
JUDGE_0093,CP_000138,13689,12415,394,244,60.27371847967217,355.44291290946677,0.0007364630043441694,0.0015987164496962104,0.0009522573312674695,0.0015987164496962104,0.9389230845624492
JUDGE_0094,CP_000140,13771,12547,397,241,60.26574027750167,355.4260269222455,0.0015793579914838434,0.0015354764247381906,0.00020259936930954497,0.0015793579914838434,0.9387901027873072
JUDGE_0095,CP_000143,11781,9355,327,247,60.45413416189914,355.4605691827999,0.0009488888790336659,0.0007071620077218053,0.0016373077975184991,0.0016373077975184991,0.9383666689775941
JUDGE_0096,CP_000144,12113,9896,339,247,60.42229508612703,355.46120199651796,0.0016018682340809478,0.0010605557370634584,0.0006722874265617219,0.0016018682340809478,0.9382927546026616
JUDGE_0097,CP_000145,6629,1047,145,229,60.942171380289544,355.35844616347646,0.0012196327553199119,0.0013205440770337172,0.0010790158327314446,0.0013205440770337172,0.9382532907235152
JUDGE_0098,CP_000147,6632,1057,145,238,60.942227387688966,355.4108714000394,0.0011305102249231887,0.0007746333451580836,0.0015244460590339054,0.0015244460590339054,0.9380745538981364
JUDGE_0099,CP_000150,12193,10021,342,238,60.41427963975278,355.4091736473961,0.0011722303581397254,0.0016127066503234594,0.0005870157097475694,0.0016127066503234594,0.9376917578933224
JUDGE_0100,CP_000152,14435,13628,421,241,60.20206579470128,355.4256069533614,0.000878962991739191,0.0015923305157909576,0.0009246612714933176,0.0015923305157909576,0.9376464338148196
JUDGE_0101,CP_000155,10615,7450,286,235,60.56460027325763,355.3922533165608,0.0012063418179343766,0.0011728316491179398,0.0013169744233300351,0.0013169744233300351,0.9373359710785951
JUDGE_0102,CP_000156,12025,9744,336,232,60.43016106984586,355.3746157554592,0.0009513282740167756,0.0016429889700412567,0.000778007754483004,0.0016429889700412567,0.9373085753927214
JUDGE_0103,CP_000158,6797,1324,151,235,60.92629045029488,355.39347589323216,0.0015204208277743432,0.0007626702946655366,0.0012273730779910044,0.0015204208277743432,0.9371139371474346
JUDGE_0104,CP_000159,6877,1449,154,226,60.91827411392702,355.34081742540485,0.0010997691026151872,0.001513973193720396,0.000919258831417397,0.001513973193720396,0.9369128209815827
JUDGE_0105,CP_000160,6464,780,139,232,60.958111066544255,355.3758463949566,0.0008019487496996587,0.001316075398216912,0.0014716414839984913,0.0014716414839984913,0.9367336610510806
JUDGE_0106,CP_000161,11697,9217,324,244,60.46207268652864,355.44414645540786,0.0016627570000053043,0.0008487338004378413,0.0008962730041603405,0.0016627570000053043,0.9366184899423902
JUDGE_0107,CP_000163,14518,13763,424,241,60.194105338461306,355.4253353678303,0.00016873949507835418,0.001690060200887892,0.0015350645799832971,0.001690060200887892,0.9364509440395321
JUDGE_0108,CP_000166,7874,3029,189,229,60.82455528078651,355.3582841642222,0.0015938929083469024,0.0013711352472366627,0.0005728192905410612,0.0015938929083469024,0.9358532455691058
JUDGE_0109,CP_000168,14267,13351,415,235,60.21794636403792,355.3912345518861,0.0008504797184793221,0.001606960362418242,0.0010829007488121285,0.001606960362418242,0.9356587350984008
JUDGE_0110,CP_000169,13851,12672,400,232,60.25772209234066,355.37420556692797,0.0012767774073232827,0.0016191373069356458,0.0006466100380678331,0.0016191373069356458,0.9354792242592199
JUDGE_0111,CP_000171,7131,1826,163,241,60.89537004732543,355.4280229567484,0.0013277490677466696,0.00045580328574197475,0.0017003124601077473,0.0017003124601077473,0.9351977840786982
JUDGE_0112,CP_000172,11117,8274,304,247,60.51691383016876,355.4610283253378,0.00047992711203109767,0.0012868115278492126,0.0017106097771053116,0.0017106097771053116,0.9351505225738633
JUDGE_0113,CP_000174,9869,6282,260,238,60.63447790750575,355.40952068025405,0.0011092815616745833,0.001525162938505423,0.0010520990874158679,0.001525162938505423,0.9348536684237339
JUDGE_0114,CP_000177,11778,9345,327,238,60.45407989875006,355.40877519423907,0.0006176048903370572,0.0011437279808016929,0.0017297003486974243,0.0017297003486974243,0.93474083039333
JUDGE_0115,CP_000178,6052,114,125,241,60.99707221175387,355.4278522234792,0.0015001092227302762,0.0006526418254003639,0.0015378999183927498,0.0015378999183927498,0.9346431139385483
JUDGE_0116,CP_000180,9450,5593,245,226,60.674196112217295,355.3402315527463,0.0004937106799024705,0.0017001745623164912,0.0013627684598445133,0.0017001745623164912,0.9342896466952504
JUDGE_0117,CP_000181,11365,8676,312,244,60.49391515669043,355.44349831338377,0.0007095831043417594,0.0011888898438210795,0.0016847162255284932,0.0016847162255284932,0.9341511825097522
JUDGE_0118,CP_000182,13606,12280,391,244,60.2816794379182,355.4431847864944,0.0012802581435855452,0.0017268163960804089,0.0005359849636882187,0.0017268163960804089,0.9341265512570678
JUDGE_0119,CP_000183,12361,10298,348,244,60.39839671789225,355.44371181486395,0.0014123107436850235,0.001651357671061597,0.000562230558787305,0.001651357671061597,0.9340342919425559
JUDGE_0120,CP_000184,11114,8264,303,238,60.51775669827989,355.40914790301105,0.0004559698638134164,0.0016823300065995888,0.0014628815322047504,0.0016823300065995888,0.9339561073847832
JUDGE_0121,CP_000185,7213,2003,166,238,60.886511372357226,355.4108082309962,0.001763123606357933,0.000818400627230414,0.0009456239582770685,0.001763123606357933,0.9338716025222081
JUDGE_0122,CP_000187,7293,2128,169,229,60.87849446462462,355.3582062840344,0.0014035359965524111,0.001651751759500958,0.0005932869669503277,0.001651751759500958,0.9337459189686917
JUDGE_0123,CP_000188,13686,12405,394,235,60.273662496425054,355.39134730456607,0.0010527809577749972,0.0017017630753752293,0.0008461555264976313,0.0017017630753752293,0.9337192170622114
JUDGE_0124,CP_000189,7299,2103,169,247,60.879483669706794,355.4629772540172,0.0010944784444472102,0.0006740047712322193,0.001768357521965367,0.001768357521965367,0.9336850217548729
JUDGE_0125,CP_000190,10533,7318,283,238,60.57257956255226,355.4092482346122,0.0010329249666698613,0.0009451761422026231,0.0016667682420879015,0.0016667682420879015,0.9336045300868965
JUDGE_0126,CP_000191,11362,8666,312,235,60.49386022428822,355.3916535270737,0.0005083884837302061,0.001411872047234049,0.0016959834041706547,0.0016959834041706547,0.9335971582586804
JUDGE_0127,CP_000193,14184,13216,412,235,60.225904950265196,355.39148876672806,0.0015536586188520732,0.001541338891853586,0.0006682392311201977,0.0015536586188520732,0.9335388079915259
JUDGE_0128,CP_000194,8869,4647,224,226,60.72991567617518,355.34021530077774,0.00010633375256661441,0.0017348061653890418,0.0017382580549114256,0.0017382580549114256,0.9335292996527687
JUDGE_0129,CP_000205,13603,12270,391,235,60.28161972218354,355.39161108811066,0.0016253241260165414,0.001804336191267079,0.00017964422180568175,0.001804336191267079,0.9323294908705453
JUDGE_0130,CP_000206,11276,8521,309,226,60.50175400576969,355.34004645133,0.0008047461940967956,0.0017692679782785835,0.0010709595760085007,0.0017692679782785835,0.9323219784167192
JUDGE_0131,CP_000207,12857,11102,365,238,60.35149966659089,355.4088009239328,0.0012465635383412013,0.0012938647355401288,0.001437334624289553,0.001437334624289553,0.9323112809692446
JUDGE_0132,CP_000209,11857,9467,330,226,60.44603688668432,355.34003600521993,0.0007925110640879126,0.0017691969441324161,0.001091107848766824,0.0017691969441324161,0.9322248399860055
JUDGE_0133,CP_000216,6550,925,142,241,60.950207085135936,355.42803299800835,0.0009003105128826788,0.0009295096633855133,0.001811467207550645,0.001811467207550645,0.9318405676078815
JUDGE_0134,CP_000217,13022,11369,371,235,60.335560031884846,355.39162358086656,0.001522133030766577,0.0014324540851914935,0.0009809325914977912,0.001522133030766577,0.9317793407722195
JUDGE_0135,CP_000219,7210,1993,166,229,60.8864522430974,355.3584516109319,0.0018141525767200624,0.001526740119605061,0.0003200490324248808,0.0018141525767200624,0.9315613211816243
JUDGE_0136,CP_000220,11940,9602,333,226,60.43807762199369,355.33978035720315,8.641157346712864e-05,0.0018277128863037958,0.0017431247188343616,0.0018277128863037958,0.9314379741886365
JUDGE_0137,CP_000224,9034,4914,230,223,60.71397399266478,355.3229295745191,0.00038692672427254044,0.0018318347073213333,0.001447491087447472,0.0018318347073213333,0.9312739096704665
JUDGE_0138,CP_000226,6718,1202,148,247,60.934318087186405,355.46302745856104,0.0011211637429789571,0.0007981287622697666,0.0017961791879965105,0.0017961791879965105,0.9311043639844782
JUDGE_0139,CP_000228,12854,11092,365,229,60.35143883090034,355.3571259739685,0.0012279629615795991,0.0015854762503886614,0.00112730828070304,0.0015854762503886614,0.9309222032117505
JUDGE_0140,CP_000232,13025,11334,371,244,60.33649941328784,355.44335678605677,0.0015255803396087442,0.001096579574567771,0.0014049042355914472,0.0015255803396087442,0.9305919438827912
JUDGE_0141,CP_000233,8706,4387,218,235,60.74589388634801,355.39288985334747,0.001075725779132488,0.0015980717076973816,0.0012827586620502674,0.0015980717076973816,0.9305671517927809
JUDGE_0142,CP_000236,12943,11202,368,247,60.34447850538273,355.46027674256294,0.0012792124834189514,0.000979139010455388,0.0016534849172109472,0.0016534849172109472,0.9304334833962971
JUDGE_0143,CP_000238,14099,13074,409,229,60.23382409611721,355.3568402679335,0.0009229560080721963,0.0016903520179707464,0.001277843745002329,0.0016903520179707464,0.9302312026372999
JUDGE_0144,CP_000239,12689,10825,359,232,60.36737842019557,355.3742856995139,0.0009416631854357477,0.0015031285745359488,0.001572239993459946,0.001572239993459946,0.9301341031638551
JUDGE_0145,CP_000241,11441,8788,315,223,60.485813583053705,355.3228536908157,0.001090576571610662,0.0018197647472527334,0.0008622358982888945,0.0018197647472527334,0.9300957254449371
JUDGE_0146,CP_000242,6800,1334,151,244,60.926340849947984,355.445875731903,0.0014504778873645624,0.00043689052257235534,0.0018528162696784642,0.0018528162696784642,0.9300874881338269
JUDGE_0147,CP_000243,9700,6002,254,229,60.65033735394999,355.35799100496456,0.001688669335017383,0.0017764600453377352,0.000352652440953634,0.0017764600453377352,0.9300719766669189
JUDGE_0148,CP_000244,8951,4779,227,223,60.72193106168718,355.3231707662235,0.0010904461109562784,0.001858770197069511,0.0008071473532559287,0.001858770197069511,0.9298108267706097
JUDGE_0149,CP_000247,11524,8923,318,223,60.477853675348506,355.3226002883921,0.0005053594410851016,0.0017836457220002432,0.001555968566975822,0.0017836457220002432,0.9296422568492324
JUDGE_0150,CP_000249,14016,12939,406,229,60.24178193228246,355.357089175254,0.0015648113669337004,0.0016612800893364688,0.0007490115744691461,0.0016612800893364688,0.9295452109990527
JUDGE_0151,CP_000251,10698,7585,289,235,60.556638579251256,355.3919897249577,0.0008793138956728613,0.0012368097779708164,0.0017603703019971218,0.0017603703019971218,0.929539196529526
JUDGE_0152,CP_000258,6299,513,133,235,60.974048885611275,355.39325710061644,0.0004749155992504884,0.0014899766649748097,0.0018579728867183529,0.0018579728867183529,0.9289895245292248
JUDGE_0153,CP_000259,12362,10301,348,247,60.39841616574461,355.4603769847984,0.0010916314281275508,0.0015132396598152005,0.0015450825621165544,0.0015450825621165544,0.9288120473478018
JUDGE_0154,CP_000265,8205,3566,201,226,60.79269790722656,355.34044825531834,0.0007740610642899912,0.001618584730060891,0.0016738679461001452,0.0016738679461001452,0.9282452289181103
JUDGE_0155,CP_000269,13019,11359,371,226,60.33549670162901,355.3399758896776,0.0015627446327964336,0.0017666210752242735,0.0006709304556209293,0.0017666210752242735,0.9279135345141762
JUDGE_0156,CP_000271,11694,9207,324,235,60.46201613984844,355.39233472663796,0.0019327586200855145,0.0012408006808700184,0.0006934238705963446,0.0019327586200855145,0.9275032276045325
JUDGE_0157,CP_000273,11031,8129,301,238,60.524819636909434,355.4094028218064,0.0007743043594347973,0.0015504165590549158,0.0017408760425518578,0.0017408760425518578,0.9274190874550822
JUDGE_0158,CP_000274,7042,1716,160,223,60.90233314401231,355.32345247137977,0.001496510933705565,0.0018689356625315918,0.0005735649676169657,0.0018689356625315918,0.9274006596701785
JUDGE_0159,CP_000275,13768,12537,397,232,60.265680759621574,355.37447016122775,0.0019216529428546728,0.0016783639680171645,0.0002880265168977717,0.0019216529428546728,0.9273787953671965
JUDGE_0160,CP_000282,12110,9886,339,238,60.422239208285795,355.409440698689,0.0018106082841834808,0.0014893785041216454,0.0007386129289774122,0.0018106082841834808,0.9268848999816748
JUDGE_0161,CP_000287,6884,1427,154,247,60.91928378549098,355.4625785155096,0.0019613125073927235,0.00047349750039016303,0.0014894501935896975,0.0019613125073927235,0.9264303411404337
JUDGE_0162,CP_000291,10868,7869,295,247,60.540791875366345,355.4618388559915,0.0017735193484681609,0.0007795408321436147,0.0015964142843038387,0.0017735193484681609,0.9259625773327028
JUDGE_0163,CP_000292,12686,10815,359,223,60.36731460563106,355.3226058047929,0.0009357263884695642,0.001815637146821165,0.0013568685416601367,0.001815637146821165,0.9259516347028496
JUDGE_0164,CP_000293,13521,12138,388,238,60.28960164789592,355.40849308290854,0.0009587367809995487,0.0018871918359825847,0.0011911181871799479,0.0018871918359825847,0.9259470169981917
JUDGE_0165,CP_000294,13187,11636,377,232,60.319618632702635,355.37446484831435,0.0018444060271747243,0.0016991384724026294,0.0005402019419892887,0.0018444060271747243,0.9258980941407329
JUDGE_0166,CP_000295,10447,7173,280,229,60.58047666420367,355.35754949566757,0.001385306867099463,0.0014389178338426252,0.001555912528757963,0.001555912528757963,0.9257993780192748
JUDGE_0167,CP_000297,9532,5725,248,223,60.66621241117311,355.3232065859579,0.0014333033696604168,0.0019682153753290544,0.0005752969125469195,0.0019682153753290544,0.925687112089182
JUDGE_0168,CP_000298,11028,8119,300,229,60.52565578517778,355.3575165947049,0.0011235012460958608,0.0019816221620877006,0.0008592762002449337,0.0019816221620877006,0.9256747278685475
JUDGE_0169,CP_000300,6544,905,142,223,60.95009171611664,355.32315653532396,0.0004114583405735362,0.0018605638218390063,0.0018238183192133969,0.0018605638218390063,0.925544946206688
JUDGE_0170,CP_000301,7961,3177,192,241,60.81667377324151,355.4271356729466,0.0016162668481942578,0.0005595694381270281,0.0018903729534343633,0.0018903729534343633,0.9255427225851249
JUDGE_0171,CP_000302,8377,3856,207,244,60.77689279093898,355.4443852369539,0.0016289896202894786,0.0004924383339148992,0.0019206450744005308,0.0019206450744005308,0.925466023712432
JUDGE_0172,CP_000304,9199,5181,236,220,60.69803187861654,355.30564718491405,0.0008080964312142696,0.001989052754633377,0.0011809821013904396,0.001989052754633377,0.9254101994766066
JUDGE_0173,CP_000305,6381,645,136,232,60.96606809225733,355.3761041086768,0.0013783353523863925,0.0014504380989636102,0.0015736912027053377,0.0015736912027053377,0.9252980517904915
JUDGE_0174,CP_000306,10949,7997,298,241,60.53279826543743,355.4263866752265,0.0007453826088569964,0.0012477811512417258,0.001992424180084445,0.001992424180084445,0.9252748484966549
JUDGE_0175,CP_000309,6296,503,133,226,60.973992077748186,355.34078916945396,0.0004883052325516577,0.001893154222204973,0.0017374711394840979,0.001893154222204973,0.9248489397944287
JUDGE_0176,CP_000310,12521,10548,353,226,60.3832557068229,355.33976033987693,0.000625446063335715,0.0017966737955090967,0.0017961095423379846,0.0017966737955090967,0.9248137100413514
JUDGE_0177,CP_000311,13683,12395,394,226,60.273595995228995,355.3397837775903,0.0013942033137357359,0.0018564696359666282,0.000915955275409834,0.0018564696359666282,0.9247112767365147
JUDGE_0178,CP_000315,12851,11082,365,220,60.351369838809866,355.3054633420134,0.0012903751856834867,0.0019173107547623778,0.0009136128640844409,0.0019173107547623778,0.9245173805088416
JUDGE_0179,CP_000316,9116,5046,233,220,60.70599121000055,355.30589467309954,0.0015111520980761071,0.002012702709749128,0.0005020655319307667,0.002012702709749128,0.9245172118811859
JUDGE_0180,CP_000317,8538,4110,213,229,60.760880590102005,355.35802284219795,0.0009765549516680108,0.001771432594874771,0.0015210743718107316,0.001771432594874771,0.9244938185846464
JUDGE_0181,CP_000318,12692,10835,359,241,60.36743689338167,355.42597785603584,0.0010523345488640927,0.0012631045940339908,0.0018686959012074534,0.0018686959012074534,0.9243396131835877
JUDGE_0182,CP_000322,14515,13753,424,232,60.19404508137203,355.3738621378188,0.0004857284466017943,0.0019427929122800443,0.0017047273664432697,0.0019427929122800443,0.9240494795299355
JUDGE_0183,CP_000325,8703,4377,218,226,60.745832227483014,355.34071308419396,0.0013753629966058174,0.0019187060854337452,0.0008874187916968132,0.0019187060854337452,0.9237475755103736
JUDGE_0184,CP_000328,14432,13618,421,232,60.20200562502174,355.37412554666685,0.0011912651553757177,0.0018482317531688076,0.0012189473728542305,0.0018482317531688076,0.9236665495679055
JUDGE_0185,CP_000331,11606,9055,321,220,60.46987083050738,355.30566052062994,0.0014427472734082466,0.0019348975222109911,0.0008032204819768749,0.0019348975222109911,0.9235529650024112
JUDGE_0186,CP_000337,12441,10423,350,235,60.391276610819425,355.39172169448693,0.0010061804800378564,0.0016386905887647697,0.0017493087236024496,0.0017493087236024496,0.9232063935499059
JUDGE_0187,CP_000338,7216,1968,166,247,60.887442567805884,355.4632493716067,0.0015441781670668402,0.0005110748521271743,0.002045428602601477,0.002045428602601477,0.923173622195038
JUDGE_0188,CP_000340,14600,13895,427,238,60.18612584244187,355.40847924762966,0.001262471860579159,0.0018836207791374081,0.0011242697224517124,0.0018836207791374081,0.9230752107336788
JUDGE_0189,CP_000341,13848,12662,400,223,60.257657160014936,355.3226591695182,0.001630997396120805,0.0018168588580765358,0.0008937224597293434,0.0018168588580765358,0.9230195303499598
JUDGE_0190,CP_000342,13600,12260,391,226,60.28155711165448,355.3400293263259,0.0019766072596221164,0.001922718875510513,0.00029398245748422854,0.0019766072596221164,0.9228760518470129
JUDGE_0191,CP_000345,7125,1851,163,223,60.89437199770339,355.323212369462,0.00105019710571733,0.0019480958910370646,0.0012363803274886849,0.0019480958910370646,0.9227153848089982
JUDGE_0192,CP_000350,9615,5860,251,223,60.658256887395936,355.32296446970525,0.0008350347094932687,0.0020597585318399216,0.0012380505717058715,0.0020597585318399216,0.9225924706890126
JUDGE_0193,CP_000351,10780,7717,292,232,60.548660963048725,355.37500259170764,0.0014485281770702093,0.0015038209713564494,0.0016226125756009407,0.0016226125756009407,0.9225303212546433
JUDGE_0194,CP_000355,10452,7190,280,244,60.58057173153768,355.4447248763077,0.0020730084388821198,0.0006392063646485515,0.001433883840275536,0.0020730084388821198,0.9222611614663959
JUDGE_0195,CP_000356,8212,3589,201,247,60.79282777020194,355.46175004986566,0.0020733871036716332,5.340839819594202e-05,0.002019982200827494,0.0020733871036716332,0.9222479399204162
JUDGE_0196,CP_000358,11862,9484,330,241,60.446135562950985,355.4269236889134,0.0020708439350625015,0.0010446734998242422,0.0010443276943491147,0.0020708439350625015,0.9221163866962705
JUDGE_0197,CP_000359,12438,10413,350,226,60.39121386297749,355.34000636752427,0.0011182654459688164,0.0018515529351096085,0.0014149076740812287,0.0018515529351096085,0.9220465126216342
JUDGE_0198,CP_000360,12194,10024,342,241,60.41430060626329,355.42585355794637,0.000978201636657974,0.0014842767113085683,0.0018881682658869407,0.0018881682658869407,0.9220148140032447
JUDGE_0199,CP_000363,13441,12013,386,247,60.29672067389788,355.4603515957979,0.001052284976732152,0.0014719407148321964,0.001862023380662694,0.001862023380662694,0.9218965943388782
JUDGE_0200,CP_000365,9868,6279,260,235,60.63445811279551,355.3927582891356,0.0019500770290336903,0.0016925886200608194,0.0006602954708939293,0.0019500770290336903,0.9218370231372234
JUDGE_0201,CP_000366,13184,11626,377,223,60.3195517641341,355.32284433294234,0.0019237631139451968,0.002048109733286814,0.0002347715790583007,0.002048109733286814,0.9218155730052859
JUDGE_0202,CP_000367,11281,8538,309,241,60.5018529518299,355.4270614916991,0.0018368058451221935,0.0013705161716615181,0.0012122413395737183,0.0018368058451221935,0.9217953849815046
JUDGE_0203,CP_000368,12942,11244,368,244,60.343574842133,355.44354619494334,0.0018936297288400978,0.0010795260067566245,0.001395437571720408,0.0018936297288400978,0.9217222120480347
JUDGE_0204,CP_000369,14264,13341,415,226,60.21788055461957,355.33973842102563,0.0011954685643851657,0.0018617000959583819,0.0013557729415735558,0.0018617000959583819,0.9215669787765564
JUDGE_0205,CP_000374,12769,10950,362,223,60.35935261165497,355.32235330187274,0.0006936129777131795,0.0017858761364489412,0.001914252610475517,0.001914252610475517,0.9211500708110856
JUDGE_0206,CP_000375,6635,1067,145,247,60.94227776608246,355.46329884160224,0.001133562007487724,0.0009691857490403064,0.002102709049491925,0.002102709049491925,0.9211479268061015
JUDGE_0207,CP_000379,7624,2620,180,226,60.848413259734286,355.3404336845169,0.0012259487931775533,0.0017586421043864686,0.0015865774979392023,0.0017586421043864686,0.9208773687513789
JUDGE_0208,CP_000380,6881,1462,154,238,60.91835037375737,355.410093841549,0.0016854129220295051,0.0004493642546349925,0.002098727974429995,0.002098727974429995,0.9208470859309439
JUDGE_0209,CP_000384,7706,2752,183,223,60.840434971969955,355.3233401908598,0.001675730321327242,0.0018974603227959145,0.0009007211219110382,0.0018974603227959145,0.9203578488896236
JUDGE_0210,CP_000388,12939,11234,368,235,60.343518309120235,355.3918880854713,0.001990553115792548,0.001403329272786593,0.0010030026787882494,0.001990553115792548,0.9201570227105007
JUDGE_0211,CP_000392,6709,1172,148,220,60.934149698954826,355.3057871509723,0.0007743368809788534,0.002062742974104779,0.0015143579751105596,0.002062742974104779,0.9198227399462627
JUDGE_0212,CP_000394,12190,10011,342,229,60.4142194598525,355.35743294658454,0.0013633773946278105,0.0020293793724438227,0.000999070509595648,0.0020293793724438227,0.9197349168861113
JUDGE_0213,CP_000396,12518,10538,353,217,60.38318508009132,355.2880553681974,0.0006571110871326008,0.0020730378996106002,0.001625749306644362,0.0020730378996106002,0.919638297587523
JUDGE_0214,CP_000399,13016,11349,371,217,60.335425614225755,355.28834030373963,0.00166443177524807,0.0021230651831378074,0.0005310702496328218,0.0021230651831378074,0.9194795951105437
JUDGE_0215,CP_000403,11449,8815,315,247,60.485969133615406,355.4616669043855,0.0019481650573714144,0.0010285141321197356,0.0015428920162453479,0.0019481650573714144,0.9191532967111512
JUDGE_0216,CP_000404,7378,2270,172,235,60.8705712791959,355.393429922865,0.002131470354788166,0.0013511640062189034,0.0008553020300445417,0.002131470354788166,0.9191324156770028
JUDGE_0217,CP_000405,12683,10805,359,214,60.36724122914753,355.27091807232927,0.001042828901757355,0.0021135962430952285,0.001204276840873865,0.0021135962430952285,0.919071272139729
JUDGE_0218,CP_000406,11772,9325,327,220,60.45395217684848,355.3051734003986,0.0002903883524799083,0.0019746549527976235,0.0021112025126313826,0.0021112025126313826,0.9189068958682463
JUDGE_0219,CP_000408,7296,2093,169,238,60.87943647906352,355.41062542461646,0.0013993848441727825,0.0009718894265415813,0.0020610741069249424,0.0020610741069249424,0.9188322189429469
JUDGE_0220,CP_000410,7789,2887,186,223,60.8324762763496,355.323099283252,0.0012337328959601131,0.0018584678721739031,0.0015487083481821318,0.0018584678721739031,0.9187577876438743
JUDGE_0221,CP_000412,12278,10163,345,244,60.40635753432972,355.4439843182616,0.002005970232176171,0.0014949316942846373,0.0009964141436754142,0.002005970232176171,0.918708921221095
JUDGE_0222,CP_000414,6626,1037,145,220,60.942109622240054,355.3060232202386,0.0013887547322484312,0.002075715437623407,0.0009658496050943181,0.002075715437623407,0.9186745598426305
JUDGE_0223,CP_000419,6301,520,134,241,60.97318888767061,355.4288210870168,0.0018089242516388224,0.001210447841471858,0.0017247703353676339,0.0018089242516388224,0.9180866664985359
JUDGE_0224,CP_000421,12353,10271,347,220,60.39913018204462,355.30520430536995,0.0003005648585780668,0.0021060843222669373,0.0020588356746749797,0.0021060843222669373,0.9178553852776634
JUDGE_0225,CP_000422,10199,6816,271,232,60.60349400855927,355.37497052696153,0.0014133099573272222,0.001360276904938136,0.0019015503743106724,0.0019015503743106724,0.9177914048639163
JUDGE_0226,CP_000423,13190,11601,377,241,60.320560363707045,355.4261803889902,0.0017288480477018525,0.0013652919967303023,0.0017477558272096275,0.0017477558272096275,0.9176293537643574
JUDGE_0227,CP_000424,12772,10960,362,232,60.35942032848647,355.3740351028368,0.000959426272167007,0.0014932014758948667,0.002069962761878608,0.002069962761878608,0.9175930841022615
JUDGE_0228,CP_000429,14096,13064,409,220,60.23375392906413,355.30531927369765,0.0012800340860397745,0.0019110060115974151,0.0015110070624174995,0.0019110060115974151,0.9173368353543487
JUDGE_0229,CP_000431,12766,10940,362,214,60.35928043076746,355.2706839010181,0.0005212920003356859,0.002117579814674971,0.0018673273689680501,0.002117579814674971,0.917202762516829
JUDGE_0230,CP_000432,14181,13206,412,226,60.225840492149814,355.3399844943095,0.0018850539363060024,0.0017944526802722805,0.0010617660568560854,0.0018850539363060024,0.9171709173782453
JUDGE_0231,CP_000435,10196,6806,271,223,60.60343004329835,355.3229842266309,0.0013848363393615907,0.0018079177304470189,0.001632559268723408,0.0018079177304470189,0.917084611637762
JUDGE_0232,CP_000436,13273,11736,380,241,60.31260176039888,355.4259111869558,0.0012250781607214673,0.0014582420882210212,0.0019777576783728446,0.0019777576783728446,0.9170145549288978
JUDGE_0233,CP_000437,7464,2370,175,244,60.86354938269574,355.4455741156989,0.001255772465508843,0.0010667708048362284,0.0021614653816999325,0.0021614653816999325,0.9169315745781883
JUDGE_0234,CP_000443,12191,10014,342,232,60.41424264587719,355.37410195280046,0.0006301498489750749,0.0018822590877288052,0.002089837152221296,0.002089837152221296,0.9163489594856691
JUDGE_0235,CP_000450,11278,8528,309,232,60.50179464166416,355.3751990436549,0.0021472586561110197,0.0015796785476931792,0.0008539309956604631,0.0021472586561110197,0.9158984143053039
JUDGE_0236,CP_000451,11190,8376,306,217,60.509644527842944,355.288434878938,0.0017737232537807174,0.0021976799377947886,0.0005645363273950581,0.0021976799377947886,0.9158297567904332
JUDGE_0237,CP_000454,10365,7041,277,232,60.58846022298095,355.3745429500456,0.0013531101301815559,0.001266054785333737,0.0020618997507264895,0.0020618997507264895,0.9157129447878967
JUDGE_0238,CP_000455,9281,5313,239,217,60.69004812539205,355.2886207451708,0.0019289767305761126,0.0022063480754737426,0.00040705479924327026,0.0022063480754737426,0.9156409039904142
JUDGE_0239,CP_000457,14595,13878,426,223,60.18691543774736,355.3221568259442,0.0003133365455618436,0.0022080130713273086,0.0020258831718444306,0.0022080130713273086,0.915559426749239
JUDGE_0240,CP_000458,10612,7440,286,226,60.564536770332246,355.340306300334,0.0015512402735669464,0.0016741941396833087,0.001766386831536291,0.001766386831536291,0.9155223990459644
JUDGE_0241,CP_000460,12765,10937,362,211,60.35925406365961,355.25403439951634,0.0021034115472909095,0.0022284661085582988,0.00020113268823120033,0.0022284661085582988,0.9154815443420162
JUDGE_0242,CP_000461,6378,635,136,223,60.966010353957756,355.32364529987234,0.0016001764874067485,0.002009298296466548,0.0011454497002063746,0.002009298296466548,0.9154472152431722
JUDGE_0243,CP_000471,8370,3833,207,223,60.776757259529546,355.32313395281284,0.0009912051541474249,0.001994896697918,0.001821274570345001,0.001994896697918,0.9149715859958947
JUDGE_0244,CP_000472,6049,104,125,232,60.99701775492343,355.3753473080833,0.0011719625656958289,0.0012496058525196467,0.0021908132382942214,0.0021908132382942214,0.9149600638149511
JUDGE_0245,CP_000473,7132,1829,163,244,60.89538756058124,355.4448930340671,0.002038746893642489,0.00032667590039703277,0.002222558195804106,0.002222558195804106,0.9148682601794034
JUDGE_0246,CP_000478,11025,8109,300,220,60.52558855708872,355.30563255169517,0.001481223617014495,0.0022546975443284967,0.0008315873687217587,0.0022546975443284967,0.9147224240700844
JUDGE_0247,CP_000483,11108,8244,303,220,60.517631542293806,355.3053941253158,0.000979202305153667,0.002171637342352243,0.001523216271407935,0.002171637342352243,0.914428834234174
JUDGE_0248,CP_000484,10361,7073,277,220,60.587489427530016,355.3057571762299,0.0017311809095952545,0.0019506636842012827,0.0012149900739492697,0.0019506636842012827,0.9144062706006613
JUDGE_0249,CP_000485,12270,10136,344,220,60.40708867637801,355.30544463456266,0.0009043210277551912,0.002181034528717806,0.001585578946630922,0.002181034528717806,0.9143503871022285
JUDGE_0250,CP_000486,14013,12929,406,220,60.24171058172834,355.30557018181116,0.0019140795293586322,0.0019095150218204344,0.0011260790640905212,0.0019140795293586322,0.9142030856921473
JUDGE_0251,CP_000490,10444,7208,280,220,60.57952971183996,355.3055186852905,0.0013287900891932058,0.001968633432619384,0.001617879543856622,0.001968633432619384,0.9139507937713925
JUDGE_0252,CP_000491,7207,1983,166,220,60.88639120952811,355.30610759467703,0.001916834712437332,0.002295670802292084,0.000382403059119232,0.002295670802292084,0.9138677577982408
JUDGE_0253,CP_000492,14592,13868,426,214,60.18684027111678,355.2706961362906,0.000626947100638305,0.002253459619716495,0.0017567401074553464,0.002253459619716495,0.9138674194059169
JUDGE_0254,CP_000493,9447,5583,245,217,60.67412713085147,355.28815193885833,0.0005498526505098084,0.0022969582998144966,0.0017471819452428987,0.0022969582998144966,0.9138631100577286
JUDGE_0255,CP_000496,12933,11214,368,217,60.34338404577392,355.28857830710234,0.0022951025251425755,0.0020680586905090664,0.00025730628461282333,0.0022951025251425755,0.9135553746824119
JUDGE_0256,CP_000501,11446,8805,315,238,60.48591519780522,355.4098194011656,0.0022375317967768915,0.0012184861907442895,0.0012425847627643713,0.0022375317967768915,0.9132983181617195
JUDGE_0257,CP_000503,8866,4637,224,217,60.72984723976324,355.2880674457912,0.00040929571416332175,0.002272298968514104,0.0019870271295407637,0.002272298968514104,0.9132384902408464
JUDGE_0258,CP_000504,8287,3698,204,223,60.78471633140043,355.32338401082825,0.0016295319941821273,0.0019376185390391216,0.0014380952117758084,0.0019376185390391216,0.9132141964495478
JUDGE_0259,CP_000505,10279,6941,274,223,60.5954718732983,355.32274335634656,0.0011209809146283212,0.001786959102716612,0.0020178202569725284,0.0020178202569725284,0.9132052433588751
JUDGE_0260,CP_000506,12526,10565,353,241,60.38335548654447,355.42650689995713,0.0017974482701968374,0.0014315043768442558,0.0018580557283700786,0.0018580557283700786,0.9131866987027344
JUDGE_0261,CP_000507,6303,526,134,247,60.9732237333561,355.46262400865663,0.0021211606967282736,0.001177265681226738,0.0015276399500864775,0.0021211606967282736,0.9131596621903779
JUDGE_0262,CP_000508,12601,10673,356,217,60.37522681763369,355.28781775084127,0.00040486563038463297,0.0020456218697157357,0.0022488992137056226,0.0022488992137056226,0.9131464259061048
JUDGE_0263,CP_000511,11937,9592,333,217,60.438008822990916,355.28800780067496,0.0004155876337630941,0.0022465558413356937,0.002045624280731452,0.0022465558413356937,0.9130709550354258
JUDGE_0264,CP_000513,11356,8646,312,217,60.49372775735228,355.28796083221073,0.0007527459409673688,0.0021115904572198375,0.0019938411245633792,0.0021115904572198375,0.9128779002503696
JUDGE_0265,CP_000514,12775,10970,362,241,60.359478877482296,355.4257087941498,0.001255074110013935,0.001199654517700479,0.002259142713173829,0.002259142713173829,0.912837324324224
JUDGE_0266,CP_000517,12107,9876,339,229,60.422177842677,355.35768160919343,0.002046936804502656,0.0019016352982656965,0.0009889292393620269,0.002046936804502656,0.9126945231670871
JUDGE_0267,CP_000520,11438,8778,315,214,60.485740130216925,355.2710122664709,0.001444640189397597,0.0021986240496637784,0.00115190886301779,0.0021986240496637784,0.9125775356032132
JUDGE_0268,CP_000521,8618,4235,215,220,60.75375046575872,355.305593932834,0.0006909754243927119,0.002322335630564812,0.0016583950240923742,0.002322335630564812,0.9125744786298161
JUDGE_0269,CP_000524,12523,10555,353,232,60.38329591215455,355.3747985252691,0.0019678886400805264,0.001614125053287917,0.0014555733795562032,0.0019678886400805264,0.9124315535874354
JUDGE_0270,CP_000525,9206,5204,236,241,60.69817469613627,355.42666359956746,0.0016769114193324528,0.0006624467909590372,0.002334857829356728,0.002334857829356728,0.9123865766374383
JUDGE_0271,CP_000528,7954,3154,192,220,60.81653378749139,355.30576944864066,0.001393263048800109,0.002020209442225174,0.0015811692755287464,0.002020209442225174,0.91231435989026
JUDGE_0272,CP_000532,10031,6539,265,226,60.619373617065214,355.3402323351792,0.0010819600930062365,0.0017959800997646373,0.0020716838614161814,0.0020716838614161814,0.9122336510549596
JUDGE_0273,CP_000535,13763,12520,397,217,60.26556664614751,355.2879720480941,0.0013055627041464724,0.001989922819017147,0.001741882679268512,0.001989922819017147,0.912158862231884
JUDGE_0274,CP_000540,7796,2910,186,244,60.832610468973165,355.4445059087129,0.0020566288037112547,0.000870106875112764,0.002061924561241515,0.002061924561241515,0.9118676899836619
JUDGE_0275,CP_000546,11521,8913,318,214,60.47778268967352,355.2707773292562,0.0008604498428344964,0.002197333408634239,0.0018229187682515637,0.002197333408634239,0.9115245571455683
JUDGE_0276,CP_000548,13026,11337,371,247,60.336519060910554,355.4600014965804,0.0015095461540248405,0.000986894944334741,0.002292852915205694,0.002292852915205694,0.9114731633903629
JUDGE_0277,CP_000549,12350,10261,347,211,60.39905529843998,355.2534741363817,0.0004500186994484274,0.0023538038667838693,0.001925850801864608,0.0023538038667838693,0.9114565345639903
JUDGE_0278,CP_000550,7871,3019,189,220,60.82449107709116,355.3060053302035,0.0019576664476359776,0.0020251212935423384,0.0010783540146803898,0.0020251212935423384,0.911421711882487
JUDGE_0279,CP_000552,13181,11616,377,214,60.31948048205541,355.2712158099193,0.002048019576594225,0.002351126934477682,0.0003464001036791054,0.002351126934477682,0.9112915806346413
JUDGE_0280,CP_000560,14594,13875,426,220,60.18688910293722,355.3055733211996,0.0018689120484364726,0.002219765176350818,0.0008052534889319962,0.002219765176350818,0.9110788013741237
JUDGE_0281,CP_000566,9622,5883,251,244,60.65839525879247,355.4438562864513,0.00199014055202445,0.0007109855858632522,0.0022216206526131056,0.0022216206526131056,0.9106954069610762
JUDGE_0282,CP_000568,11859,9474,330,232,60.44607792143211,355.3751291263679,0.002332870581970345,0.0014654141987629312,0.0010216533630010834,0.002332870581970345,0.9105898909286912
JUDGE_0283,CP_000569,10526,7340,283,217,60.571545866820664,355.28852947910747,0.002103627167017606,0.002140025823372993,0.0007706040855838907,0.002140025823372993,0.9105714637581565
JUDGE_0284,CP_000570,14591,13865,426,211,60.18681211230663,355.25411326632934,0.0021948521017501076,0.0022730058973583623,0.0004167048193355434,0.0022730058973583623,0.9105303910524702
JUDGE_0285,CP_000571,7545,2498,177,238,60.85645467345535,355.40985584087383,0.001738102628513194,0.0014135691190736378,0.002004602837559428,0.002004602837559428,0.9104890322161789
JUDGE_0286,CP_000572,13104,11501,374,232,60.32757847479302,355.37472749206586,0.0023653348328287996,0.0016273149484483957,0.0008063602730459845,0.0023653348328287996,0.9104456889106002
JUDGE_0287,CP_000573,10200,6774,271,235,60.60439874460179,355.39181346260284,0.0016210178272800012,0.0012592916992513958,0.0021430269691123808,0.0021430269691123808,0.910420456690548
JUDGE_0288,CP_000575,7290,2118,169,220,60.87843207319986,355.3058605151364,0.00138798671697171,0.0023642245979615998,0.0010626508389994865,0.0023642245979615998,0.91026141560132
JUDGE_0289,CP_000579,8793,4535,222,247,60.73710999960284,355.4615955986201,0.0017739702870665747,0.0013050293809406387,0.0020588704357295527,0.0020588704357295527,0.9100407432566711
JUDGE_0290,CP_000581,12694,10842,359,247,60.36747222845495,355.4610071421519,0.0020348061432944133,0.0011337808457238692,0.0019942218031299068,0.0020348061432944133,0.9100298133069674
JUDGE_0291,CP_000583,13928,12787,403,214,60.24962187942574,355.2708792278924,0.0014355736796605777,0.00203031640396499,0.0017126894797175984,0.00203031640396499,0.9098888004086482
JUDGE_0292,CP_000585,7297,2096,169,241,60.8794534163354,355.42749005484546,0.0016429279390522702,0.0008047276537059877,0.002385487620010468,0.002385487620010468,0.90976711459026
JUDGE_0293,CP_000587,13852,12675,400,235,60.2577463882383,355.39082350500274,0.0010484813031123366,0.0015810247600921061,0.002301941311425715,0.002301941311425715,0.9095826414243016
JUDGE_0294,CP_000589,13598,12253,391,220,60.28151193593388,355.3050741724755,0.0012907329122569368,0.0020312698089108823,0.0018823053324425944,0.0020312698089108823,0.9095552767184838
JUDGE_0295,CP_000590,9948,6404,262,226,60.627331561415254,355.3404854595511,0.001508555190414184,0.001900052394796012,0.0019156770454379014,0.0019156770454379014,0.9095004790489252
JUDGE_0296,CP_000591,10865,7859,295,238,60.54073727945846,355.4099236103397,0.0021015291463850052,0.0012693783493570952,0.001779205390097574,0.0021015291463850052,0.9093544745971914
JUDGE_0297,CP_000597,8700,4367,218,217,60.745766497161185,355.2885485903248,0.0016972786241920273,0.002415273622683513,0.0007510514063350995,0.002415273622683513,0.9090140340513231
JUDGE_0298,CP_000599,12185,9994,341,214,60.41500160224914,355.2706157217013,9.064070551122068e-05,0.0024289734278027724,0.0023476687389636076,0.0024289734278027724,0.9087967962489955
JUDGE_0299,CP_000601,13855,12685,400,244,60.25780379710062,355.44237267741255,0.0011838144722199574,0.0014348820782113705,0.002342350508047765,0.002342350508047765,0.9087075304184143
JUDGE_0300,CP_000602,9697,5992,254,220,60.6502726639465,355.3059456160516,0.0018627313713846414,0.0023406820677242426,0.0007658002517661004,0.0023406820677242426,0.9086263030175097
JUDGE_0301,CP_000603,10695,7575,289,226,60.55657753252766,355.3400611739399,0.0011423288975123689,0.0017541973186300825,0.0022075798370261458,0.0022075798370261458,0.9086039263725658
JUDGE_0302,CP_000609,12691,10832,359,238,60.367418319177176,355.4093237142809,0.002186649623357275,0.0013474913530384755,0.001605412715836051,0.002186649623357275,0.9084224585551366
JUDGE_0303,CP_000610,7958,3167,192,232,60.81661747357568,355.37487241006176,0.0014546462373242748,0.0011067713133683379,0.0023839436005296134,0.0023839436005296134,0.908383690603102
JUDGE_0304,CP_000615,13182,11619,377,217,60.319505428685424,355.2878524474049,0.0009079287899863161,0.0022539248496107724,0.001926540777323695,0.0022539248496107724,0.9082210091683556
JUDGE_0305,CP_000618,14597,13885,427,229,60.186063295271204,355.3570251424855,0.0015570789522179568,0.00215001704859623,0.0014970043190030535,0.00215001704859623,0.9080735328948316
JUDGE_0306,CP_000619,6045,91,125,220,60.99693516217953,355.30594243133345,0.0009834266168264592,0.0023476511642134294,0.0016765597320664294,0.0023476511642134294,0.9080588915335032
JUDGE_0307,CP_000622,14344,13466,418,217,60.209850285121085,355.2879966504881,0.0009368141655088515,0.0021544708689704116,0.002112831016180353,0.0021544708689704116,0.9080176635046248
JUDGE_0308,CP_000623,12267,10126,344,211,60.407013878490595,355.2537062112413,0.0011601771142415308,0.002420082971936053,0.0013586700813702334,0.002420082971936053,0.9080123357564516
JUDGE_0309,CP_000624,10946,7987,298,232,60.53274028137224,355.37449150865876,0.0007702988634933794,0.0017348854351298582,0.002429748484070942,0.002429748484070942,0.907941484165436
JUDGE_0310,CP_000625,8374,3846,207,235,60.7768395635303,355.3921729980686,0.0013776528838856466,0.0011100119313722423,0.002440816331863757,0.002440816331863757,0.9078837815126825
JUDGE_0311,CP_000630,12359,10291,347,238,60.399257762122396,355.40865045066954,0.0007750631611495445,0.0017061602633199823,0.0024608866925310805,0.0024608866925310805,0.9074625398808538
JUDGE_0312,CP_000631,10449,7180,280,235,60.580516439875844,355.39276930724105,0.002414111190517548,0.0011105075120461264,0.0014680021023026377,0.002414111190517548,0.9074158500577019
JUDGE_0313,CP_000632,13017,11352,371,220,60.33544935680727,355.30498249944,0.0009007446619400775,0.0020168511117486868,0.0022485248962383717,0.0022485248962383717,0.9073169304229312
JUDGE_0314,CP_000634,11275,8518,309,223,60.50172965199925,355.32333920061075,0.0024653952752870627,0.0018888060993698414,0.0006022541142881669,0.0024653952752870627,0.9072268654470983
JUDGE_0315,CP_000636,13020,11362,371,229,60.335518485717195,355.35661858565294,0.001226784813212229,0.0016577307092930477,0.002273085739885134,0.002273085739885134,0.9071164124715557
JUDGE_0316,CP_000640,10617,7457,286,241,60.56463587838831,355.42745258880706,0.00242456771182126,0.0008053037076966017,0.0017917354087749365,0.00242456771182126,0.9069228182485743
JUDGE_0317,CP_000641,8209,3579,201,238,60.7927771047602,355.4095101019049,0.0018203910625284978,0.000664676118050386,0.0024827920864026838,0.0024827920864026838,0.9068668580826968
JUDGE_0318,CP_000642,12188,10004,341,223,60.41507322351524,355.3223628485139,0.0002752814184138003,0.0022118350774816276,0.0024867441223966075,0.0024867441223966075,0.906742440741392
JUDGE_0319,CP_000644,10028,6529,265,217,60.61930408415799,355.28823104720755,0.0010611860683628863,0.0022416156069627532,0.0019175849246236584,0.0022416156069627532,0.9067249724135993
JUDGE_0320,CP_000645,6716,1195,148,241,60.93428820605289,355.42750124020205,0.0020160746100515723,0.0005636034645272294,0.0024412517678684678,0.0024412517678684678,0.9067227298710533
JUDGE_0321,CP_000647,10694,7617,289,223,60.555671781706984,355.32324592853894,0.0024027006654360555,0.001914130104395567,0.0007496848602496669,0.0024027006654360555,0.9066347963060333
JUDGE_0322,CP_000649,12275,10153,345,235,60.40630039620314,355.39224027912377,0.002217794821407125,0.0018824116187470142,0.0011695946916963147,0.002217794821407125,0.9064050505842802
JUDGE_0323,CP_000651,10193,6796,271,214,60.60336029581569,355.27100014620027,0.001430231994008077,0.0022991735266211424,0.0014760321778021896,0.0022991735266211424,0.9061923596868431
JUDGE_0324,CP_000652,6465,783,139,235,60.9581306230697,355.39274672361233,0.0013760775145994514,0.0011832403603767047,0.0024774230890676416,0.0024774230890676416,0.906072949336107
JUDGE_0325,CP_000653,12607,10693,356,235,60.37536045211055,355.3912032547919,0.0010778708439295192,0.0014764678143168388,0.002484260709382585,0.002484260709382585,0.905964249037356
JUDGE_0326,CP_000654,13014,11342,371,211,60.33537765848295,355.25333826617594,0.0005938923575924463,0.0023329052814773004,0.002263750262355641,0.0023329052814773004,0.9059568352137164
JUDGE_0327,CP_000655,6300,516,134,238,60.97317370433649,355.4101629762868,0.0017759683645873347,0.0013352815690852251,0.0022112186353419115,0.0022112186353419115,0.9058289099455452
JUDGE_0328,CP_000659,10276,6931,274,214,60.595402049845916,355.27076757396566,0.0009834083436682589,0.0022845975300116537,0.0019969253170909547,0.0022845975300116537,0.9056308909902185
JUDGE_0329,CP_000660,13436,11996,385,232,60.297520815151266,355.3737824007289,0.001274287250313067,0.002041705702634348,0.002122029449881284,0.002122029449881284,0.9054993518411253
JUDGE_0330,CP_000661,11033,8136,301,244,60.52485537153408,355.4445745130622,0.002154409930277068,0.001251128542050051,0.0020004147047408003,0.002154409930277068,0.9054954611581876
JUDGE_0331,CP_000662,9203,5194,236,232,60.69811842772369,355.3745453136462,0.0013441089705632768,0.0011827803072794634,0.0025171776057386387,0.0025171776057386387,0.9054844438834998
JUDGE_0332,CP_000664,12688,10822,359,229,60.367356354000314,355.3576322427589,0.002366336639121069,0.0016042456514547261,0.0012374953062663954,0.002366336639121069,0.9053198220504592
JUDGE_0333,CP_000665,10204,6788,271,247,60.604466348582605,355.46229000565336,0.0024052437326681935,0.0009755126560821087,0.0017886316601328704,0.0024052437326681935,0.905317102730608
JUDGE_0334,CP_000666,9457,5616,245,247,60.674328843448116,355.46117365499003,0.00233535688872363,0.0002441151521119602,0.002501269441083053,0.002501269441083053,0.9052248634624788
JUDGE_0335,CP_000672,12517,10535,353,214,60.383157775217136,355.2713878442266,0.002400888408582962,0.002150490576504287,0.0006632717322557109,0.002400888408582962,0.904805760925926
JUDGE_0336,CP_000675,12102,9859,338,214,60.422960118594666,355.2708505417392,0.0007745357239455295,0.002519929328436994,0.001814244509436953,0.002519929328436994,0.9046420138717941
JUDGE_0337,CP_000676,11686,9180,324,211,60.46183722166441,355.2536159596741,0.0011147396440950412,0.0023716321254064776,0.0017713400515244435,0.0023716321254064776,0.9046332006695944
JUDGE_0338,CP_000677,11443,8795,315,229,60.48585449107336,355.3579845563551,0.002535844181447548,0.0015591071263235008,0.0010022557662117291,0.002535844181447548,0.9045868593071209
JUDGE_0339,CP_000678,9863,6262,259,220,60.63524903300328,355.30546113498514,0.0007486173892882598,0.002232709154686194,0.0023304908057286645,0.0023304908057286645,0.9044711480571026
JUDGE_0340,CP_000687,10692,7610,289,217,60.555627088317046,355.28805609668507,0.0013550411826152137,0.0022588965673376663,0.001809180737152108,0.0022588965673376663,0.9039748118194668
JUDGE_0341,CP_000695,6468,793,139,244,60.958181977738,355.44519007786613,0.0017320393772006074,0.0011856233680507635,0.002401746757078986,0.002401746757078986,0.9034855467573832
JUDGE_0342,CP_000698,14268,13354,415,238,60.21796620071955,355.40782956682693,0.001052362089249017,0.0015228785381546323,0.002575138439579028,0.002575138439579028,0.9034310311679786
JUDGE_0343,CP_000699,13275,11743,380,247,60.312637498257516,355.4609023277346,0.002302667049549922,0.0012283926190515798,0.0018994617905826767,0.002302667049549922,0.9033351436408237
JUDGE_0344,CP_000700,10691,7607,289,214,60.55560030028605,355.2713215593489,0.0024903684224764837,0.002415234307647325,0.0003416369668615966,0.0024903684224764837,0.9032798985067263
JUDGE_0345,CP_000705,14093,13054,409,211,60.23367742657938,355.25381034272954,0.001645246800492302,0.0021597336320997107,0.0018199101606742227,0.0021597336320997107,0.9026921971829258
JUDGE_0346,CP_000706,8956,4796,227,238,60.72203114130886,355.4106530340255,0.0023783152004637383,0.0010986163472968926,0.0019340290297037474,0.0023783152004637383,0.9026340527758985
JUDGE_0347,CP_000707,13433,11986,385,223,60.29745629006081,355.3221849977115,0.0013898494414640529,0.0021500563136986625,0.002108008442490817,0.0021500563136986625,0.9025253686080976
JUDGE_0348,CP_000708,9529,5715,248,214,60.66614202737082,355.27113607255296,0.0016471080914312157,0.0025429799722714182,0.001069897493791792,0.0025429799722714182,0.902462930877927
JUDGE_0349,CP_000711,9619,5873,251,235,60.65834078436544,355.39178890693773,0.0016425537624776547,0.0012639549820207979,0.0024518165789059977,0.0024518165789059977,0.9023732262211195
JUDGE_0350,CP_000712,11769,9315,327,211,60.453879120431,355.25338572350444,0.0005811516610179474,0.002407045397240004,0.002414498433090555,0.002414498433090555,0.9022850759445117
JUDGE_0351,CP_000715,13272,11778,380,238,60.31169896592306,355.40919236381234,0.002610316972239564,0.001568584882597161,0.0010459057446766948,0.002610316972239564,0.9020609428530877
JUDGE_0352,CP_000717,9945,6394,262,217,60.627265914135016,355.2884655663704,0.001628034417704613,0.0023051382792227764,0.0016117565929136188,0.0023051382792227764,0.9018741553867027
JUDGE_0353,CP_000720,13760,12555,397,208,60.26460614818128,355.23634325828647,0.0012854293035937372,0.0022075555259711993,0.0021642713617703504,0.0022075555259711993,0.9016898535336689
JUDGE_0354,CP_000726,9612,5850,251,214,60.6581838727299,355.27090225805836,0.0009706680518333485,0.0026201568488529803,0.0016795224688959205,0.0026201568488529803,0.9013686972695596
JUDGE_0355,CP_000729,14265,13344,415,229,60.217905246266035,355.3563326403498,0.0008682083027024632,0.0017772964507806377,0.0026305399869547765,0.0026305399869547765,0.9011676909075919
JUDGE_0356,CP_000737,13023,11327,371,238,60.33646483184963,355.40834939561364,0.0015189581019917665,0.0013194679682770917,0.0025461674967076275,0.0025461674967076275,0.9008654867039485
JUDGE_0357,CP_000738,12685,10812,359,220,60.36728753184928,355.305953231838,0.002570355088026226,0.001923462784860088,0.0008781262387011015,0.002570355088026226,0.9007212600048294
JUDGE_0358,CP_000742,14178,13196,412,217,60.22576828176702,355.288482388766,0.002224240603749956,0.0020446278518872012,0.0014612835709558755,0.002224240603749956,0.9005700921207126
JUDGE_0359,CP_000743,8119,3421,198,217,60.800590907541185,355.28845843240157,0.0016587975966381111,0.002290810453399252,0.0017282050571406323,0.002290810453399252,0.9003922054927843
JUDGE_0360,CP_000745,7793,2900,186,235,60.83255911894579,355.3922253204623,0.0018715590295631964,0.001068921738680841,0.002514795983993285,0.002514795983993285,0.9003740907971174
JUDGE_0361,CP_000753,13846,12655,400,217,60.25760911888381,355.28773138164144,0.0011629468065613572,0.001978313215295523,0.002424685618649994,0.002424685618649994,0.9001171092605391
JUDGE_0362,CP_000758,6713,1185,148,232,60.93423311267716,355.3750836447805,0.0016587939334759049,0.001022505639727706,0.002676123703923495,0.002676123703923495,0.8995806627368675
JUDGE_0363,CP_000760,7548,2508,178,247,60.855606943308636,355.46216233624847,0.0018869107297488502,0.0012038232825490676,0.002483817779490767,0.002483817779490767,0.8992703803590069
JUDGE_0364,CP_000764,8202,3556,201,217,60.792631394005646,355.28822385188363,0.001123068110997571,0.002335900487252124,0.0022672288298159786,0.002335900487252124,0.8992237760585274
JUDGE_0365,CP_000769,11688,9187,324,217,60.46188302548807,355.28872814183256,0.0025186091560679197,0.002100422240815917,0.0009343842575842031,0.0025186091560679197,0.8990996898683006
JUDGE_0366,CP_000771,12610,10703,356,244,60.37541664391693,355.4429042792469,0.0014137370894513302,0.0012909656437491493,0.002696301973132358,0.002696301973132358,0.8987836665066851
JUDGE_0367,CP_000772,13512,12153,388,211,60.28851049350671,355.2536493739171,0.001337514754790572,0.0022659752260909428,0.002227849855553138,0.0022659752260909428,0.8987835617184301
JUDGE_0368,CP_000779,8535,4100,213,220,60.76081700984712,355.3058310289452,0.0013196790516920671,0.002393507918375051,0.0020325182225288388,0.002393507918375051,0.8982598361128625
JUDGE_0369,CP_000784,14010,12919,406,211,60.24163542926408,355.25404304063403,0.0022701248013393565,0.0021290831997075026,0.0015054064431956839,0.0022701248013393565,0.8978157594302263
JUDGE_0370,CP_000788,9041,4937,230,244,60.71410976849052,355.4439862069942,0.0020623961421450294,0.0008237938102898264,0.00265176826866993,0.00265176826866993,0.8976284188778161
JUDGE_0371,CP_000789,13687,12408,394,238,60.273683429136014,355.4079604036045,0.0014195843008368999,0.0016516365320722644,0.0025613750568125155,0.0025613750568125155,0.8975753631683225
JUDGE_0372,CP_000791,8625,4258,216,241,60.752998052693336,355.4267654282905,0.0018933228129991834,0.0011677395980526314,0.002570362646335732,0.002570362646335732,0.897477653703459
JUDGE_0373,CP_000793,10857,7877,295,214,60.539683404761284,355.27085314401637,0.0015707156788068008,0.0025736222149191435,0.0014872215002920402,0.0025736222149191435,0.897435229888286
JUDGE_0374,CP_000794,12104,9866,339,220,60.42211212648554,355.3059249913645,0.0023046898338837723,0.0022939762659259853,0.0013154815349449025,0.0023046898338837723,0.8972645316420196
JUDGE_0375,CP_000795,11026,8112,300,223,60.52561259992064,355.322347402074,0.0011168304626296742,0.002144301697007143,0.002484483943755473,0.002484483943755473,0.897123749410653
JUDGE_0376,CP_000796,13684,12398,394,229,60.273620511339054,355.3563961616287,0.0013382171577124196,0.0017903844094616802,0.002552132267390757,0.002552132267390757,0.8970891737255547
JUDGE_0377,CP_000800,13269,11768,380,229,60.31163642911063,355.3575787247233,0.0027439445737491735,0.0019180940903302122,0.0008449656909008149,0.0027439445737491735,0.8968631383908828
JUDGE_0378,CP_000803,9454,5606,245,238,60.67427818083879,355.40908879222707,0.0019954357727563826,0.0008676191966899035,0.0026993000146659733,0.0026993000146659733,0.8967293125152721
JUDGE_0379,CP_000805,13597,12295,391,217,60.28060264855184,355.28837050572355,0.0020979760846185575,0.0020757548924879854,0.0019973991784600657,0.0020979760846185575,0.8966361719976854
JUDGE_0380,CP_000818,14262,13334,415,220,60.21783491018101,355.304838149606,0.0008251483304273907,0.002026448384602799,0.0027465203740871646,0.0027465203740871646,0.8956920317099435
JUDGE_0381,CP_000820,13594,12285,391,208,60.28052387571386,355.2368044888758,0.0021879462771616457,0.0022840992037789862,0.0016032181294884193,0.0022840992037789862,0.8955079648223996
JUDGE_0382,CP_000821,14103,13087,409,241,60.23390643628841,355.42495383084065,0.0014411311539567076,0.0013661226131239407,0.0027809395145780096,0.0027809395145780096,0.8953858400470417
JUDGE_0383,CP_000828,14426,13598,421,214,60.20186383503856,355.2711697126527,0.0018583171450476386,0.0023216001409831627,0.0019349775099700406,0.0023216001409831627,0.8945438132876999
JUDGE_0384,CP_000832,14100,13077,409,232,60.23384657704192,355.3734399524142,0.001237955511841369,0.0016074543669480552,0.0028001606481725676,0.0028001606481725676,0.8944283603108181
JUDGE_0385,CP_000833,9200,5184,236,223,60.69805541164527,355.32243948358433,0.0010284908837658764,0.0017936085517565395,0.0028136963977291184,0.0028136963977291184,0.8943813471127419
JUDGE_0386,CP_000837,9038,4927,230,235,60.714057145417314,355.39185050070705,0.001742861385406031,0.0011069051825433594,0.0028065909224917838,0.0028065909224917838,0.8942131448383379
JUDGE_0387,CP_000846,14341,13456,418,208,60.209770840684676,355.23652291731156,0.001305901840876979,0.002410053245108745,0.0024090757108983204,0.002410053245108745,0.8933114494750901
JUDGE_0388,CP_000847,13681,12388,394,220,60.27355202757534,355.30483423997794,0.0013671338707549165,0.0019735947004478863,0.002603456414414959,0.002603456414414959,0.893154482499591
JUDGE_0389,CP_000849,13762,12562,397,214,60.26465614448,355.2712742627719,0.002452879585220662,0.0020408978279585,0.001615895340641033,0.002452879585220662,0.8929680957619892
JUDGE_0390,CP_000854,7129,1819,163,235,60.89533684181166,355.3925253443005,0.0019686884059303914,0.0009110719624022904,0.0028655190290449847,0.0028655190290449847,0.8923650196697168
JUDGE_0391,CP_000864,14507,13726,423,208,60.1947465872661,355.236060963459,0.0009508121300373682,0.0024170860056120865,0.0026556867916816456,0.0026556867916816456,0.8915091035123407
JUDGE_0392,CP_000865,7291,2121,169,223,60.87845632912023,355.322723130817,0.0013343650302786183,0.002114787134394177,0.0026184159823047833,0.0026184159823047833,0.8914251983839705
JUDGE_0393,CP_000866,6875,1442,154,220,60.918230851091884,355.30531627284813,0.0009509326107468235,0.0020840482029746824,0.002838787566797719,0.002838787566797719,0.8910930506585383
JUDGE_0394,CP_000870,6046,94,125,223,60.99695778875039,355.3228549302135,0.0008819501492393815,0.002067390697141853,0.0028943168159457516,0.0028943168159457516,0.8907753190215908
JUDGE_0395,CP_000871,10614,7447,286,232,60.56457822481453,355.37551429863146,0.0027587341127050654,0.0013410117751199422,0.0018857216959589627,0.0027587341127050654,0.890697478793887
JUDGE_0396,CP_000879,7538,2520,177,217,60.855425056885224,355.2882966165467,0.0013273168375064833,0.0024574381086607043,0.002512166726203286,0.002512166726203286,0.889886395017828
JUDGE_0397,CP_000880,10201,6823,271,238,60.60353217643629,355.41021679157103,0.0026064960152688194,0.0011476686482600681,0.002449948356920953,0.0026064960152688194,0.8898673870535168
JUDGE_0398,CP_000885,11030,8126,301,235,60.52479822948592,355.3926867447024,0.002471683778205108,0.0017126230771006973,0.0021945074039714336,0.002471683778205108,0.8893687745314707
JUDGE_0399,CP_000886,13274,11739,380,244,60.3126236836201,355.4425478336698,0.0016138822517244445,0.0013423767053718993,0.002949090434530227,0.002949090434530227,0.88931950217304
JUDGE_0400,CP_000887,13843,12690,400,208,60.25664855894786,355.23611079411677,0.0012700557977562584,0.0021977513066239766,0.002693729212981237,0.002693729212981237,0.8893091808707162
JUDGE_0401,CP_000890,12101,9856,338,211,60.42293520821324,355.2541802327283,0.002582839979112204,0.0026193079336390757,0.0010746074412727657,0.0026193079336390757,0.888799208904211
JUDGE_0402,CP_000900,13439,12006,386,241,60.29668736792064,355.4253818026712,0.00127000124291917,0.0017088296621650106,0.0029752407157647796,0.0029752407157647796,0.8883835957923282
JUDGE_0403,CP_000902,14510,13736,423,217,60.194827457326056,355.2875181884862,0.0009599426958066881,0.0023352533203151045,0.0028213529506444443,0.0028213529506444443,0.8882762260323666
JUDGE_0404,CP_000910,7955,3157,192,223,60.816556960016364,355.3226114705105,0.0013873809577682455,0.0017955021124437887,0.0029157230649535367,0.0029157230649535367,0.8873208849985111
JUDGE_0405,CP_000914,5968,21,122,238,61.00412827304024,355.4111095657217,0.0030010399777919495,0.0006258769610148409,0.0024006144593222154,0.0030010399777919495,0.8871428578009881
JUDGE_0406,CP_000916,14259,13324,415,211,60.21775824432183,355.25334535615383,0.0009489630418297406,0.0022667779903302087,0.002914146132237593,0.002914146132237593,0.8869495837920608
JUDGE_0407,CP_000917,8784,4505,221,220,60.73783197069587,355.30511847061166,0.0009638245084709622,0.0021703023520661807,0.002956018553316304,0.002956018553316304,0.8869229504103782
JUDGE_0408,CP_000924,7455,2385,174,217,60.8633844466844,355.28853041751637,0.0017697263521049868,0.002529671350083145,0.0022553541466371154,0.002529671350083145,0.8864447100136451
JUDGE_0409,CP_000925,7294,2086,169,232,60.879399040060626,355.37514979797083,0.0016314875408919096,0.0014127930161395884,0.0030211137688665756,0.0030211137688665756,0.886418648815442
JUDGE_0410,CP_000930,5965,11,122,229,61.00407287980119,355.3586086185216,0.0028895429038387353,0.0014203992584018662,0.0019247162414208964,0.0028895429038387353,0.8859474836562471
JUDGE_0411,CP_000933,14094,13057,409,214,60.233705436483184,355.2704086805602,0.0011449503883694564,0.002076922544453187,0.002974742944933275,0.002974742944933275,0.885358014716385
JUDGE_0412,CP_000944,6710,1175,148,223,60.93417251369303,355.3226785398933,0.0013022924754111907,0.0018094828393445286,0.0030747050878152642,0.0030747050878152642,0.8842351813701719
JUDGE_0413,CP_000947,14175,13186,412,208,60.22568900059255,355.2369822933975,0.0025724505246402414,0.0022861946327300056,0.0018615768549581826,0.0025724505246402414,0.8838415932878916
JUDGE_0414,CP_000958,5969,24,122,241,61.00414610041716,355.4280258760984,0.003108465543265916,0.000469871259118124,0.0026773223414095827,0.003108465543265916,0.8829484414117559
JUDGE_0415,CP_000963,5966,14,122,232,61.0040917058332,355.37552422237326,0.0028144246684148094,0.0011409231388327388,0.002617617836388172,0.0028144246684148094,0.8826576210993684
JUDGE_0416,CP_000968,9363,5445,242,214,60.682061911127484,355.27160992730177,0.0030490570998143434,0.0024636211493508143,0.0008723032719045035,0.0030490570998143434,0.8820745172389499
JUDGE_0417,CP_000969,14516,13756,424,235,60.194067017825496,355.39044918940834,0.0013556092029443011,0.0018608667917272192,0.003118142947528271,0.003118142947528271,0.8818404763783994
JUDGE_0418,CP_000970,14519,13766,424,244,60.19412637765303,355.44192311769484,0.0016447134742760773,0.0016018832143719595,0.003108461176541407,0.003108461176541407,0.8817060119783644
JUDGE_0419,CP_000971,5962,1,122,220,61.00400918332974,355.3060998907454,0.0028007446201696014,0.0022655167167605146,0.0016334544431294768,0.0028007446201696014,0.8812442449971352
JUDGE_0420,CP_000972,8622,4248,216,232,60.75294234881549,355.3745890925051,0.0016192593940398351,0.0017076859351323813,0.0031048633589459565,0.0031048633589459565,0.8807915994116984
JUDGE_0421,CP_000975,13430,12021,385,214,60.29649813529674,355.27051114413257,0.0010818169337590308,0.0022948750577976057,0.00310271144636915,0.00310271144636915,0.8802235639463133
JUDGE_0422,CP_000987,13271,11729,380,235,60.31256685803834,355.39093128415306,0.0015530388461877484,0.0017006614787623273,0.0032056106683470706,0.0032056106683470706,0.8791884792294473
JUDGE_0423,CP_000996,11437,8775,315,211,60.48571285903132,355.2543110465165,0.0031610674563866663,0.002337902431634613,0.0010478758732721397,0.0031610674563866663,0.878651084778999
JUDGE_0424,CP_000999,9613,5853,251,217,60.65821035927897,355.2876809465042,0.0009461533399508756,0.0024444867986659962,0.003162072679961264,0.003162072679961264,0.8785651812682573
JUDGE_0425,CP_001002,13678,12423,394,211,60.27259302662171,355.25318578939624,0.0013256277152660402,0.0021516770808819767,0.003136709054393765,0.003136709054393765,0.8781159636883056
JUDGE_0426,CP_001007,5971,31,122,247,61.00417418740194,355.46362301697286,0.003130604266672861,0.0006399064641635923,0.0029639615487059233,0.003130604266672861,0.8766865431723094
JUDGE_0427,CP_001018,8619,4238,215,223,60.753775094816795,355.3224046138186,0.0013930899720764629,0.0021653455709957693,0.0032223403090715736,0.0032223403090715736,0.8749610479848077
JUDGE_0428,CP_001023,5963,4,122,223,61.00403306627242,355.3230247736481,0.0025206659197010896,0.002001276003816677,0.0027642171910545214,0.0027642171910545214,0.8743702961796649
JUDGE_0429,CP_001024,10029,6532,265,220,60.61932825342922,355.30498684221953,0.0012979852543052004,0.002084746277900323,0.0033448423330145077,0.0033448423330145077,0.8740947975220683
JUDGE_0430,CP_001027,9448,5586,245,220,60.67415367590946,355.30493625626895,0.0013347116114450078,0.0021074629782327874,0.0033289714708677216,0.0033289714708677216,0.8737485308573345
JUDGE_0431,CP_001034,10859,7839,295,220,60.54061135176496,355.3061102465622,0.002773476322837366,0.0022556055528888163,0.002349315403231411,0.002773476322837366,0.873101579977563
JUDGE_0432,CP_001037,9032,4907,230,217,60.713930368059295,355.28759617378364,0.0011878976655615666,0.002217498536362851,0.0033804645337214773,0.0033804645337214773,0.8729209341329078
JUDGE_0433,CP_001038,6294,496,133,220,60.973950461197944,355.3052277100535,0.001129270452695059,0.0023059248892668836,0.003367281094925287,0.003367281094925287,0.8728780308523435
JUDGE_0434,CP_001039,10442,7201,280,214,60.57948233503569,355.27030225152134,0.00135175358631917,0.0023012768840385326,0.0032595420756570135,0.0032595420756570135,0.8728485672291033
JUDGE_0435,CP_001060,9953,6421,262,241,60.62742961298011,355.42776092872947,0.002784852684027721,0.0014942223402946478,0.0031249020073960397,0.0031249020073960397,0.8683890120110694
JUDGE_0436,CP_001063,7704,2790,183,217,60.839508116831816,355.2878176735396,0.0014112212232748474,0.0023260334642777342,0.0034083772056245237,0.0034083772056245237,0.8680748862649796
JUDGE_0437,CP_001069,8368,3826,207,217,60.77671408850035,355.2877552575144,0.0011191443962539533,0.002464449051989173,0.003531004881052246,0.003531004881052246,0.8669299598706548
JUDGE_0438,CP_001070,8203,3559,201,220,60.79265630886331,355.30504753809265,0.0014946580083548696,0.00208772909430401,0.0035325945670257207,0.0035325945670257207,0.866905297041121
JUDGE_0439,CP_001072,11106,8237,303,214,60.51758247761293,355.2702320059146,0.0015436140275568813,0.002389701018631388,0.0033635836821629887,0.0033635836821629887,0.8667439698685719
JUDGE_0440,CP_001086,10277,6934,274,217,60.595428718722324,355.2875151255262,0.0016194199848664236,0.002117887574693565,0.003589547389303594,0.003589547389303594,0.8635449707729104
JUDGE_0441,CP_001100,7206,1980,166,217,60.886365297992064,355.2892322852171,0.003629792540903765,0.0025299755239512325,0.0012733655390494065,0.003629792540903765,0.861713423189898
JUDGE_0442,CP_001101,11357,8649,312,220,60.493752299681205,355.30466511821004,0.0018172510008889306,0.001976877735875537,0.0036348864593430375,0.0036348864593430375,0.8617012293068682
JUDGE_0443,CP_001104,11773,9328,327,223,60.45397642479867,355.3218646811734,0.0018720491578412095,0.001839006700996218,0.0037010838230169527,0.0037010838230169527,0.8610847061891084
JUDGE_0444,CP_001108,9864,6265,259,223,60.63527274835934,355.32223256529625,0.001613951512478294,0.0021206009740849384,0.0037304550678012188,0.0037304550678012188,0.8600567172229291
JUDGE_0445,CP_001112,9867,6275,259,232,60.635335138963114,355.3742619711599,0.001964670386360531,0.0018044799389341107,0.003727448179366018,0.003727448179366018,0.8596994164496665
JUDGE_0446,CP_001125,9861,6255,259,214,60.63520203318981,355.2702051606827,0.0012650298066610056,0.002529673323987609,0.003794666072298354,0.003794666072298354,0.8576995590594335
JUDGE_0447,CP_001129,7539,2523,177,220,60.855448522192596,355.30515122909264,0.0016106355963170576,0.002249987825737187,0.003785790948160866,0.003785790948160866,0.8570974335203002
JUDGE_0448,CP_001130,13183,11622,377,220,60.31953048898952,355.3044894310154,0.0020006021628690223,0.0021523602245150414,0.0036411308467154814,0.0036411308467154814,0.8570596989898123
JUDGE_0449,CP_001135,13180,11612,377,211,60.31945609469924,355.25287163564343,0.0016447689018335104,0.0024800253345740367,0.003686481197634296,0.003686481197634296,0.8562780421040482
JUDGE_0450,CP_001138,10528,7301,283,223,60.572476913097205,355.3220891739681,0.0021225043287081565,0.0018107200097261641,0.0038232252520733487,0.0038232252520733487,0.8552540644677373
JUDGE_0451,CP_001141,10941,7970,297,217,60.5335271958769,355.28742451012204,0.0018953571698481443,0.002464109985433211,0.003636858976596429,0.003636858976596429,0.8545851861440723
JUDGE_0452,CP_001146,12599,10666,356,211,60.375177874565814,355.2527773808945,0.0016839226362701954,0.0022358280153464342,0.003917914695318271,0.003917914695318271,0.8530552494718353
JUDGE_0453,CP_001148,11770,9318,327,214,60.45390521121451,355.27007658808753,0.0016558207192406851,0.0022738619692463883,0.003929682688454565,0.003929682688454565,0.8526368991825474
JUDGE_0454,CP_001156,5970,28,122,244,61.00415924255077,355.4467060665961,0.0038620666156531083,0.00046738926214564056,0.003731374034470607,0.0038620666156531083,0.8509637934009693
JUDGE_0455,CP_001163,12186,9997,341,217,60.415027532153914,355.2872937122517,0.001757998355925995,0.0023593211765763717,0.003984461187404243,0.003984461187404243,0.8489219761586143
JUDGE_0456,CP_001169,13015,11345,371,214,60.33540410462272,355.26997994222626,0.0019845939652846025,0.0022281696508283286,0.0039694940851649,0.0039694940851649,0.8481031026694659
JUDGE_0457,CP_001185,5967,17,122,235,61.004113665381624,355.3924400527499,0.003787555977286995,0.0008673060053925806,0.003860743874007496,0.003860743874007496,0.8452956283663179
JUDGE_0458,CP_001244,11271,8550,309,211,60.50075007274261,355.25469687853257,0.004546742758361983,0.002388490171091022,0.0028297666656103408,0.004546742758361983,0.8211032205821834
JUDGE_0459,CP_001253,7040,1710,160,217,60.90228311252465,355.2897114617658,0.00497819826024849,0.002420107199518791,0.0026168849640910235,0.00497819826024849,0.812582641448665
JUDGE_0460,CP_001258,13262,11745,379,208,60.312359979779025,355.2377239528295,0.004832092273734711,0.0026029254136254467,0.0032290490317668018,0.004832092273734711,0.8062980125892292
JUDGE_0461,CP_001261,9114,5040,233,214,60.70593840746847,355.2723053389274,0.005169446602241041,0.0024048781111264115,0.002771516317089487,0.005169446602241041,0.8060589045912753
JUDGE_0462,CP_001319,13096,11475,374,208,60.327383733213196,355.2381842403688,0.006224744013952951,0.0025005296976011978,0.0039373832088063845,0.006224744013952951,0.7639074883210815
JUDGE_0463,CP_001330,8948,4770,227,214,60.72185871465757,355.27277063914175,0.006580907183670737,0.0024326508896352302,0.0041627344085200845,0.006580907183670737,0.7530350041812901
JUDGE_0464,CP_001338,14685,13947,430,244,60.17997068027295,355.4432539476965,0.005665283610803411,0.0018326535251615521,0.006349489059941774,0.006349489059941774,0.7475385593018937
JUDGE_0465,CP_001341,11022,8145,300,211,60.5246285020552,355.2553911720416,0.006513227804553476,0.002568427860314272,0.004678129981270023,0.006513227804553476,0.7465873318663594
JUDGE_0466,CP_001342,14683,13940,430,238,60.17993369274541,355.40838665170963,0.005284887278884295,0.0020236280056724516,0.0065254069441591685,0.0065254069441591685,0.7455083853390615
JUDGE_0467,CP_001346,14684,13943,430,241,60.17995539515251,355.42495974137995,0.005178478706448164,0.0019161682844415727,0.0067503971431785055,0.0067503971431785055,0.7425569840344155
JUDGE_0468,CP_001352,6791,1305,151,217,60.92616149142216,355.29041219092477,0.0070491523232623825,0.002320921077252835,0.004728284035127905,0.0070491523232623825,0.7356561280136813
JUDGE_0469,CP_001366,12930,11205,368,208,60.343302516910775,355.23864572164985,0.007627471551088525,0.002389746120590338,0.005319006071164845,0.007627471551088525,0.7129538088258471
JUDGE_0470,CP_001382,6625,1035,145,217,60.9420798973089,355.2908897305985,0.008440751077614252,0.0023588700957959006,0.006112152267653807,0.008440751077614252,0.6830934435165223
JUDGE_0471,CP_001384,10773,7740,292,211,60.54761010071536,355.25609534974336,0.008559821423613808,0.0026680630567749316,0.006054728226957142,0.008559821423613808,0.6769695733630039
JUDGE_0472,CP_001387,8699,4365,218,214,60.74573647615683,355.27348103445183,0.008692759145680039,0.002599376608340603,0.006243121557238999,0.008692759145680039,0.6721497942882539
JUDGE_0473,CP_001395,12681,10800,359,208,60.36717874088428,355.2393346291589,0.009753591068962262,0.0023360379973818316,0.007418022320688482,0.009753591068962262,0.6342344693000646
JUDGE_0474,CP_001397,10607,7470,286,211,60.563528973480366,355.256559364891,0.009940074688750376,0.0025400204236521885,0.0074624360738969,0.009940074688750376,0.626467426561877
JUDGE_0475,CP_001399,8533,4140,212,214,60.760771788405016,355.27386805252627,0.010040976524046934,0.002751441010841368,0.00806736739540615,0.010040976524046934,0.6137404818207327
JUDGE_0476,CP_001401,6376,630,136,217,60.96595669297398,355.2915929485075,0.010529616061249813,0.0024721766680662707,0.008236952966400236,0.010529616061249813,0.6028954780379233
JUDGE_0477,CP_001414,12515,10530,353,208,60.383097895982615,355.23979486342324,0.011172753370758806,0.0023711261395950385,0.008825404502719835,0.011172753370758806,0.5807245327020939
JUDGE_0478,CP_001423,10358,7065,277,211,60.58740532691303,355.25725370559167,0.012032049284349632,0.0024520364161306108,0.009580134508460018,0.012032049284349632,0.5487966313338764
JUDGE_0479,CP_001424,6210,360,130,217,60.981876879864,355.29207061776464,0.011929353890569693,0.002642983563649953,0.009624495279693234,0.011929353890569693,0.5484226671939678
JUDGE_0480,CP_001425,8284,3735,204,214,60.783754057610025,355.27456499156864,0.01208611740384502,0.0026050733134021196,0.009542736199198246,0.01208611740384502,0.54599944599637
JUDGE_0481,CP_001439,10192,6795,271,211,60.603324800844696,355.2577152120727,0.013437827462334405,0.0024668500292655132,0.010994650920771037,0.013437827462334405,0.49578555156618304
JUDGE_0482,CP_001442,14764,13933,432,232,60.17547910640286,355.3735031668634,0.013199676455749943,0.001953448371450877,0.012326752290937704,0.013199676455749943,0.49150558032639413
JUDGE_0483,CP_001444,14763,13930,432,229,60.175455187374915,355.35692205526703,0.013324580347649993,0.0019590524700556955,0.012278589230952283,0.013324580347649993,0.4889149700461505
JUDGE_0484,CP_001445,13691,12419,394,249,60.27375676255278,355.4708177940979,0.0135904192322033,0.0048164621459941175,0.008925943156799683,0.0135904192322033,0.48845945290999504
JUDGE_0485,CP_001446,14765,13936,432,235,60.17549982079846,355.3900844834597,0.013321205000705716,0.0019471860821150303,0.012629500459991566,0.013321205000705716,0.4847612932060247
JUDGE_0486,CP_001447,14761,13923,432,223,60.17541083799488,355.3220599812051,0.013409725796817642,0.002009493853952536,0.012699961174330065,0.013409725796817642,0.48088866722602647
JUDGE_0487,CP_001448,14760,13920,432,220,60.175384495587764,355.3054796558088,0.013575525309402588,0.002024868447391514,0.012671029051813618,0.013575525309402588,0.4769131485248712
JUDGE_0488,CP_001451,5961,0,122,217,61.00397555342719,355.29269215889207,0.014000842471876574,0.0025572065990954553,0.011514956002488488,0.014000842471876574,0.4740769056832864
JUDGE_0489,CP_001452,8035,3330,195,214,60.80763264434086,355.2752735848037,0.014150564074082607,0.002513144218033593,0.011637624086221474,0.014150564074082607,0.4693512943447465
JUDGE_0490,CP_001453,14758,13913,432,214,60.175336917606806,355.27061883175526,0.013645780526750842,0.002094585937123212,0.0130714358399773,0.013645780526750842,0.46928021461747255
JUDGE_0491,CP_001456,14759,13916,432,217,60.17536354044816,355.2871988371516,0.01367895998586767,0.002072521335824717,0.013320326022322587,0.01367895998586767,0.465615408376467
JUDGE_0492,CP_001458,14757,13910,432,211,60.1753087511997,355.25403892864233,0.013848561506928234,0.0021170573249905855,0.013060568537409965,0.013848561506928234,0.4640656390467873
JUDGE_0493,CP_001460,14756,13906,432,208,60.17528511222676,355.2357589242517,0.013898626222832004,0.0021713196853686296,0.01367052822520836,0.013898626222832004,0.4545112455469875
JUDGE_0494,CP_001467,7869,3060,189,214,60.823549683815195,355.275737551943,0.015540177033176965,0.0025057692165089563,0.013054427449010291,0.015540177033176965,0.41699311585158527
JUDGE_0495,CP_001469,9943,6390,262,211,60.6272013229382,355.2584069848317,0.015554570853504833,0.0025922493115202224,0.013117830364926766,0.015554570853504833,0.41475973270679184
JUDGE_0496,CP_001479,9777,6120,256,211,60.64312236144146,355.2588772334471,0.016972217704465477,0.0027701693699860182,0.01450467243621821,0.016972217704465477,0.3597590348108103
JUDGE_0497,CP_001481,14106,13049,409,249,60.234847286552885,355.46951159603367,0.01710165523265321,0.004589498404641762,0.012554970293897919,0.01710165523265321,0.3581527604519238
JUDGE_0498,CP_001485,7620,2655,180,214,60.8474243100737,355.2764368959854,0.017622433440164852,0.002586658674495668,0.0151806891356415,0.017622433440164852,0.33734731636916404
JUDGE_0499,CP_001493,14272,13319,415,249,60.21892876811561,355.46896857311805,0.018484043696602122,0.004528389370571056,0.014050931387823585,0.018484043696602122,0.30565739810501397
JUDGE_0500,CP_001506,7454,2385,174,214,60.86334178510628,355.2769119056508,0.019019174851932403,0.0027366599624426427,0.016568362239129004,0.019019174851932403,0.28320785118204433
